2026-06-10 13:08:34,184 [INFO] Activator:176 - 


2026-06-10 13:08:34,186 [INFO] Activator:177 - !SESSION log4j initialized
2026-06-10 13:08:36,372 [INFO] LogOutputStream:77 - [STDOUT_REDIRECT] 
2026-06-10 13:08:37,587 [INFO] ApplicationProperties:184 - Using Application install path: C:\ST\STM32CubeIDE_1.19.0\STM32CubeIDE\plugins\com.st.stm32cube.common.mx_6.15.0.202507011659
2026-06-10 13:08:37,602 [INFO] DbMcusXml:78 - Set database path to: C:\ST\STM32CubeIDE_1.19.0\STM32CubeIDE\plugins\com.st.stm32cube.common.mx_6.15.0.202507011659\\db\/mcu/
2026-06-10 13:08:37,602 [INFO] ApiDb:274 - Set plugin database path to: C:\ST\STM32CubeIDE_1.19.0\STM32CubeIDE\plugins\com.st.stm32cube.common.mx_6.15.0.202507011659\\db\/plugins/boardmanager/
2026-06-10 13:08:37,603 [WARN] ApiDb:259 - Overriding images path with different value:  => C:\ST\STM32CubeIDE_1.19.0\STM32CubeIDE\plugins\com.st.stm32cube.common.mx_6.15.0.202507011659\\db\/plugins/mcufinder/images/
2026-06-10 13:08:37,608 [INFO] ApiDb:250 - Set database path to: C:\Users\91953\.stmcufinder\plugins\mcufinder//mcu/
2026-06-10 13:08:37,609 [INFO] DbMcusAds:125 - Set database path to: C:\Users\91953\.stmcufinder\plugins\mcufinder//mcu/
2026-06-10 13:08:37,610 [INFO] CrossReferenceDbSqlite:203 - Set database path to: C:\Users\91953\.stmcufinder\plugins\mcufinder//mcu/cs/
2026-06-10 13:08:37,699 [INFO] RulesReader:64 - Compatibility file has been processed (317 Rules)
2026-06-10 13:08:37,768 [INFO] DbMcusXml:78 - Set database path to: C:\ST\STM32CubeIDE_1.19.0\STM32CubeIDE\plugins\com.st.stm32cube.common.mx_6.15.0.202507011659\\db\/mcu/
2026-06-10 13:08:37,768 [INFO] ApiDb:274 - Set plugin database path to: C:\ST\STM32CubeIDE_1.19.0\STM32CubeIDE\plugins\com.st.stm32cube.common.mx_6.15.0.202507011659\\db\/plugins/boardmanager/
2026-06-10 13:08:37,768 [INFO] ApiDb:261 - Set plugin images path to: C:\ST\STM32CubeIDE_1.19.0\STM32CubeIDE\plugins\com.st.stm32cube.common.mx_6.15.0.202507011659\\db\/plugins/mcufinder/images/
2026-06-10 13:08:37,769 [WARN] DbFile:41 - Overriding database path with different value: C:\Users\91953\.stmcufinder\plugins\mcufinder/ => C:\Users\91953\.stmcufinder\plugins\mcufinder
2026-06-10 13:08:37,769 [INFO] ApiDb:250 - Set database path to: C:\Users\91953\.stmcufinder\plugins\mcufinder//mcu/
2026-06-10 13:08:37,769 [WARN] DbFile:41 - Overriding database path with different value: C:\Users\91953\.stmcufinder\plugins\mcufinder/ => C:\Users\91953\.stmcufinder\plugins\mcufinder
2026-06-10 13:08:37,769 [INFO] DbMcusAds:125 - Set database path to: C:\Users\91953\.stmcufinder\plugins\mcufinder//mcu/
2026-06-10 13:08:37,769 [WARN] DbFile:41 - Overriding database path with different value: C:\Users\91953\.stmcufinder\plugins\mcufinder/ => C:\Users\91953\.stmcufinder\plugins\mcufinder
2026-06-10 13:08:37,769 [WARN] DbFile:41 - Overriding database path with different value: C:\Users\91953\.stmcufinder\plugins\mcufinder/ => C:\Users\91953\.stmcufinder\plugins\mcufinder
2026-06-10 13:08:37,769 [INFO] CrossReferenceDbSqlite:203 - Set database path to: C:\Users\91953\.stmcufinder\plugins\mcufinder//mcu/cs/
2026-06-10 13:08:37,832 [INFO] MainPanel:274 - HeapMemory: 268435456
2026-06-10 13:08:37,893 [INFO] DbMcusXml:78 - Set database path to: C:\ST\STM32CubeIDE_1.19.0\STM32CubeIDE\plugins\com.st.stm32cube.common.mx_6.15.0.202507011659\\db\/mcu/
2026-06-10 13:08:37,893 [INFO] ApiDb:274 - Set plugin database path to: C:\ST\STM32CubeIDE_1.19.0\STM32CubeIDE\plugins\com.st.stm32cube.common.mx_6.15.0.202507011659\\db\/plugins/boardmanager/
2026-06-10 13:08:37,894 [INFO] ApiDb:261 - Set plugin images path to: C:\ST\STM32CubeIDE_1.19.0\STM32CubeIDE\plugins\com.st.stm32cube.common.mx_6.15.0.202507011659\\db\/plugins/mcufinder/images/
2026-06-10 13:08:37,894 [WARN] DbFile:41 - Overriding database path with different value: C:\Users\91953\.stmcufinder\plugins\mcufinder/ => C:\Users\91953\.stmcufinder\plugins\mcufinder
2026-06-10 13:08:37,894 [INFO] ApiDb:250 - Set database path to: C:\Users\91953\.stmcufinder\plugins\mcufinder//mcu/
2026-06-10 13:08:37,894 [WARN] DbFile:41 - Overriding database path with different value: C:\Users\91953\.stmcufinder\plugins\mcufinder/ => C:\Users\91953\.stmcufinder\plugins\mcufinder
2026-06-10 13:08:37,894 [INFO] DbMcusAds:125 - Set database path to: C:\Users\91953\.stmcufinder\plugins\mcufinder//mcu/
2026-06-10 13:08:37,894 [WARN] DbFile:41 - Overriding database path with different value: C:\Users\91953\.stmcufinder\plugins\mcufinder/ => C:\Users\91953\.stmcufinder\plugins\mcufinder
2026-06-10 13:08:37,894 [WARN] DbFile:41 - Overriding database path with different value: C:\Users\91953\.stmcufinder\plugins\mcufinder/ => C:\Users\91953\.stmcufinder\plugins\mcufinder
2026-06-10 13:08:37,894 [INFO] CrossReferenceDbSqlite:203 - Set database path to: C:\Users\91953\.stmcufinder\plugins\mcufinder//mcu/cs/
2026-06-10 13:08:37,908 [INFO] ApplicationProperties:184 - Using Application install path: C:\ST\STM32CubeIDE_1.19.0\STM32CubeIDE\plugins\com.st.stm32cube.common.mx_6.15.0.202507011659
2026-06-10 13:08:37,909 [INFO] PluginManage:196 - Search for loadable plugins [exclusion list=, ]
2026-06-10 13:08:37,910 [INFO] PluginManage:310 - Check plugin analytics
2026-06-10 13:08:38,054 [INFO] AnalyticsPlugin:253 - Accepted Software Licenses: 
2026-06-10 13:08:38,054 [INFO] AnalyticsPlugin:255 - Accepted CMSIS Pack Licenses: 
2026-06-10 13:08:38,054 [INFO] AnalyticsPlugin:257 - Accepted Firmware Licenses: 
2026-06-10 13:08:38,057 [INFO] PluginManage:359 - Loaded plugin analytics (category:tool,tabindex:-1)
2026-06-10 13:08:38,057 [INFO] PluginManage:310 - Check plugin cadmodel
2026-06-10 13:08:38,062 [INFO] CADModel:105 - Init CAD model plugin
2026-06-10 13:08:38,062 [INFO] PluginManage:359 - Loaded plugin cadmodel (category:power,tabindex:5)
2026-06-10 13:08:38,062 [INFO] PluginManage:310 - Check plugin clock
2026-06-10 13:08:38,070 [INFO] PluginManage:359 - Loaded plugin clock (category:base,tabindex:2)
2026-06-10 13:08:38,070 [INFO] PluginManage:310 - Check plugin ddr
2026-06-10 13:08:38,072 [INFO] PluginManage:359 - Loaded plugin ddr (category:tool,tabindex:6)
2026-06-10 13:08:38,072 [INFO] PluginManage:310 - Check plugin filemanager
2026-06-10 13:08:38,203 [INFO] PluginManage:359 - Loaded plugin filemanager (category:base,tabindex:10)
2026-06-10 13:08:38,203 [INFO] PluginManage:310 - Check plugin ipmanager
2026-06-10 13:08:38,209 [INFO] PluginManage:359 - Loaded plugin ipmanager (category:base,tabindex:5)
2026-06-10 13:08:38,210 [INFO] PluginManage:310 - Check plugin lpbam
2026-06-10 13:08:38,215 [INFO] PluginManage:359 - Loaded plugin lpbam (category:base,tabindex:0)
2026-06-10 13:08:38,216 [INFO] PluginManage:310 - Check plugin memorymap
2026-06-10 13:08:38,224 [INFO] PluginManage:359 - Loaded plugin memorymap (category:base,tabindex:4)
2026-06-10 13:08:38,224 [INFO] PluginManage:310 - Check plugin pinoutandconfiguration
2026-06-10 13:08:38,229 [INFO] PluginManage:359 - Loaded plugin pinoutandconfiguration (category:base,tabindex:1)
2026-06-10 13:08:38,229 [INFO] PluginManage:310 - Check plugin pinoutconfig
2026-06-10 13:08:38,281 [WARN] SupportedApi:132 - Cannot load RTOS API schema: s4s-elt-must-match.1: The content of 'definitions' must match (annotation?, (simpleType | complexType)?, (unique | key | keyref)*)). A problem was found starting at: attribute.
2026-06-10 13:08:38,371 [INFO] PluginManage:359 - Loaded plugin pinoutconfig (category:base,tabindex:0)
2026-06-10 13:08:38,372 [INFO] PluginManage:310 - Check plugin power
2026-06-10 13:08:38,377 [INFO] PluginManage:359 - Loaded plugin power (category:power,tabindex:4)
2026-06-10 13:08:38,378 [INFO] PluginManage:310 - Check plugin projectmanager
2026-06-10 13:08:38,388 [INFO] PluginManage:359 - Loaded plugin projectmanager (category:projectmanager,tabindex:4)
2026-06-10 13:08:38,388 [INFO] PluginManage:310 - Check plugin rif
2026-06-10 13:08:38,394 [INFO] PluginManage:359 - Loaded plugin rif (category:base,tabindex:3)
2026-06-10 13:08:38,395 [INFO] PluginManage:310 - Check plugin thirdparty
2026-06-10 13:08:38,490 [INFO] PluginManage:359 - Loaded plugin thirdparty (category:base,tabindex:-1)
2026-06-10 13:08:38,490 [WARN] IntegrityCheckThread:84 - waiting for thirdparty lock release [integrity check]
2026-06-10 13:08:38,491 [INFO] PluginManage:310 - Check plugin tools
2026-06-10 13:08:38,491 [INFO] IntegrityCheckThread:86 - entering critical section [integrity check]
2026-06-10 13:08:38,491 [INFO] ThirdPartyUpdaterWithRetryManager:70 - Updater plugin not ready yet. [1/15]
2026-06-10 13:08:38,493 [INFO] PluginManage:359 - Loaded plugin tools (category:base,tabindex:7)
2026-06-10 13:08:38,494 [INFO] PluginManage:310 - Check plugin tutovideos
2026-06-10 13:08:38,607 [INFO] PluginManage:359 - Loaded plugin tutovideos (category:base,tabindex:-1)
2026-06-10 13:08:38,607 [INFO] PluginManage:310 - Check plugin updater
2026-06-10 13:08:38,620 [INFO] PluginManage:359 - Loaded plugin updater (category:base,tabindex:12)
2026-06-10 13:08:38,621 [INFO] PluginManage:310 - Check plugin userauth
2026-06-10 13:08:38,623 [INFO] UserAuth:118 - Init User Auth plugin
2026-06-10 13:08:38,624 [INFO] PluginManage:359 - Loaded plugin userauth (category:base,tabindex:14)
2026-06-10 13:08:38,624 [INFO] PluginManage:283 - PluginManage : Loaded plugins [18]
2026-06-10 13:08:38,754 [INFO] PinOutPanel:1589 - setPackage(No Configuration,No Configuration)
2026-06-10 13:08:38,814 [INFO] CADModel:165 - CPN selected for project level
2026-06-10 13:08:38,814 [INFO] CADModel:114 - Register for checkConnection events
2026-06-10 13:08:38,826 [INFO] IPUIPlugin:80 - create IPUIPlugin
2026-06-10 13:08:38,826 [INFO] PluginManager:220 - loadIPPluginJar : add adc
2026-06-10 13:08:38,828 [INFO] IPUIPlugin:80 - create IPUIPlugin
2026-06-10 13:08:38,828 [INFO] PluginManager:220 - loadIPPluginJar : add aes
2026-06-10 13:08:38,830 [INFO] IPUIPlugin:80 - create IPUIPlugin
2026-06-10 13:08:38,830 [INFO] PluginManager:220 - loadIPPluginJar : add can
2026-06-10 13:08:38,832 [INFO] IPUIPlugin:80 - create IPUIPlugin
2026-06-10 13:08:38,832 [INFO] PluginManager:220 - loadIPPluginJar : add comp
2026-06-10 13:08:38,834 [INFO] IPUIPlugin:80 - create IPUIPlugin
2026-06-10 13:08:38,834 [INFO] PluginManager:220 - loadIPPluginJar : add cryp
2026-06-10 13:08:38,836 [INFO] IPUIPlugin:80 - create IPUIPlugin
2026-06-10 13:08:38,837 [INFO] PluginManager:220 - loadIPPluginJar : add ddr_ctrl_phy
2026-06-10 13:08:38,838 [INFO] IPUIPlugin:80 - create IPUIPlugin
2026-06-10 13:08:38,840 [INFO] PluginManager:220 - loadIPPluginJar : add dfsdm
2026-06-10 13:08:38,843 [INFO] IPUIPlugin:80 - create IPUIPlugin
2026-06-10 13:08:38,844 [INFO] PluginManager:220 - loadIPPluginJar : add dma
2026-06-10 13:08:38,846 [INFO] IPUIPlugin:80 - create IPUIPlugin
2026-06-10 13:08:38,846 [INFO] PluginManager:220 - loadIPPluginJar : add dma3
2026-06-10 13:08:38,848 [INFO] IPUIPlugin:80 - create IPUIPlugin
2026-06-10 13:08:38,848 [INFO] PluginManager:220 - loadIPPluginJar : add extmemmanager
2026-06-10 13:08:38,849 [INFO] IPUIPlugin:80 - create IPUIPlugin
2026-06-10 13:08:38,849 [INFO] PluginManager:220 - loadIPPluginJar : add fatfs
2026-06-10 13:08:38,852 [INFO] IPUIPlugin:80 - create IPUIPlugin
2026-06-10 13:08:38,852 [INFO] PluginManager:220 - loadIPPluginJar : add fmc
2026-06-10 13:08:38,855 [INFO] IPUIPlugin:80 - create IPUIPlugin
2026-06-10 13:08:38,855 [INFO] PluginManager:220 - loadIPPluginJar : add freertos
2026-06-10 13:08:38,856 [INFO] IPUIPlugin:80 - create IPUIPlugin
2026-06-10 13:08:38,856 [INFO] PluginManager:220 - loadIPPluginJar : add genericplugin
2026-06-10 13:08:38,858 [INFO] IPUIPlugin:80 - create IPUIPlugin
2026-06-10 13:08:38,858 [INFO] PluginManager:220 - loadIPPluginJar : add gfxmmu
2026-06-10 13:08:38,861 [INFO] IPUIPlugin:80 - create IPUIPlugin
2026-06-10 13:08:38,861 [INFO] PluginManager:220 - loadIPPluginJar : add gic
2026-06-10 13:08:38,863 [INFO] IPUIPlugin:80 - create IPUIPlugin
2026-06-10 13:08:38,864 [INFO] PluginManager:220 - loadIPPluginJar : add gpio
2026-06-10 13:08:38,865 [INFO] IPUIPlugin:80 - create IPUIPlugin
2026-06-10 13:08:38,865 [INFO] PluginManager:220 - loadIPPluginJar : add gtzc
2026-06-10 13:08:38,867 [INFO] IPUIPlugin:80 - create IPUIPlugin
2026-06-10 13:08:38,867 [INFO] PluginManager:220 - loadIPPluginJar : add hash
2026-06-10 13:08:38,868 [INFO] IPUIPlugin:80 - create IPUIPlugin
2026-06-10 13:08:38,868 [INFO] PluginManager:220 - loadIPPluginJar : add i2c
2026-06-10 13:08:38,870 [INFO] IPUIPlugin:80 - create IPUIPlugin
2026-06-10 13:08:38,870 [INFO] PluginManager:220 - loadIPPluginJar : add i2s
2026-06-10 13:08:38,872 [INFO] IPUIPlugin:80 - create IPUIPlugin
2026-06-10 13:08:38,872 [INFO] PluginManager:220 - loadIPPluginJar : add i3c
2026-06-10 13:08:38,874 [INFO] IPUIPlugin:80 - create IPUIPlugin
2026-06-10 13:08:38,874 [INFO] PluginManager:220 - loadIPPluginJar : add ipddr
2026-06-10 13:08:38,878 [INFO] IPUIPlugin:80 - create IPUIPlugin
2026-06-10 13:08:38,878 [INFO] PluginManager:220 - loadIPPluginJar : add linkedlist
2026-06-10 13:08:38,880 [INFO] IPUIPlugin:80 - create IPUIPlugin
2026-06-10 13:08:38,880 [INFO] PluginManager:220 - loadIPPluginJar : add lorawan
2026-06-10 13:08:38,881 [INFO] IPUIPlugin:80 - create IPUIPlugin
2026-06-10 13:08:38,881 [INFO] PluginManager:220 - loadIPPluginJar : add ltdc
2026-06-10 13:08:38,884 [INFO] IPUIPlugin:80 - create IPUIPlugin
2026-06-10 13:08:38,884 [INFO] PluginManager:220 - loadIPPluginJar : add mdma
2026-06-10 13:08:38,886 [INFO] IPUIPlugin:80 - create IPUIPlugin
2026-06-10 13:08:38,887 [INFO] PluginManager:220 - loadIPPluginJar : add nvic
2026-06-10 13:08:38,888 [INFO] IPUIPlugin:80 - create IPUIPlugin
2026-06-10 13:08:38,888 [INFO] PluginManager:220 - loadIPPluginJar : add opamp
2026-06-10 13:08:38,890 [INFO] IPUIPlugin:80 - create IPUIPlugin
2026-06-10 13:08:38,891 [INFO] PluginManager:220 - loadIPPluginJar : add openamp
2026-06-10 13:08:38,893 [INFO] IPUIPlugin:80 - create IPUIPlugin
2026-06-10 13:08:38,893 [INFO] PluginManager:220 - loadIPPluginJar : add pdm2pcm
2026-06-10 13:08:38,896 [INFO] IPUIPlugin:80 - create IPUIPlugin
2026-06-10 13:08:38,898 [INFO] PluginManager:220 - loadIPPluginJar : add plateformsettings
2026-06-10 13:08:38,899 [INFO] IPUIPlugin:80 - create IPUIPlugin
2026-06-10 13:08:38,899 [INFO] PluginManager:220 - loadIPPluginJar : add quadspi
2026-06-10 13:08:38,901 [INFO] IPUIPlugin:80 - create IPUIPlugin
2026-06-10 13:08:38,901 [INFO] PluginManager:220 - loadIPPluginJar : add radio
2026-06-10 13:08:38,904 [INFO] IPUIPlugin:80 - create IPUIPlugin
2026-06-10 13:08:38,904 [INFO] PluginManager:220 - loadIPPluginJar : add resmgrutility
2026-06-10 13:08:38,906 [INFO] IPUIPlugin:80 - create IPUIPlugin
2026-06-10 13:08:38,906 [INFO] PluginManager:220 - loadIPPluginJar : add sai
2026-06-10 13:08:38,907 [INFO] IPUIPlugin:80 - create IPUIPlugin
2026-06-10 13:08:38,908 [INFO] PluginManager:220 - loadIPPluginJar : add spi
2026-06-10 13:08:38,911 [INFO] IPUIPlugin:80 - create IPUIPlugin
2026-06-10 13:08:38,911 [INFO] PluginManager:220 - loadIPPluginJar : add stm32_wpan
2026-06-10 13:08:38,913 [INFO] IPUIPlugin:80 - create IPUIPlugin
2026-06-10 13:08:38,913 [INFO] PluginManager:220 - loadIPPluginJar : add tim
2026-06-10 13:08:38,915 [INFO] IPUIPlugin:80 - create IPUIPlugin
2026-06-10 13:08:38,915 [INFO] PluginManager:220 - loadIPPluginJar : add touchsensing
2026-06-10 13:08:38,917 [INFO] IPUIPlugin:80 - create IPUIPlugin
2026-06-10 13:08:38,917 [INFO] PluginManager:220 - loadIPPluginJar : add tracer_emb
2026-06-10 13:08:38,918 [INFO] IPUIPlugin:80 - create IPUIPlugin
2026-06-10 13:08:38,918 [INFO] PluginManager:220 - loadIPPluginJar : add ts
2026-06-10 13:08:38,919 [INFO] IPUIPlugin:80 - create IPUIPlugin
2026-06-10 13:08:38,919 [INFO] PluginManager:220 - loadIPPluginJar : add tsc
2026-06-10 13:08:38,921 [INFO] IPUIPlugin:80 - create IPUIPlugin
2026-06-10 13:08:38,921 [INFO] PluginManager:220 - loadIPPluginJar : add ucpd
2026-06-10 13:08:38,923 [INFO] IPUIPlugin:80 - create IPUIPlugin
2026-06-10 13:08:38,923 [INFO] PluginManager:220 - loadIPPluginJar : add usart
2026-06-10 13:08:38,925 [INFO] IPUIPlugin:80 - create IPUIPlugin
2026-06-10 13:08:38,925 [INFO] PluginManager:220 - loadIPPluginJar : add usbx
2026-06-10 13:08:39,030 [FATAL] Updater:351 - Updater called before beeing initialized
2026-06-10 13:08:39,047 [INFO] RulesReader:64 - Compatibility file has been processed (317 Rules)
2026-06-10 13:08:39,053 [INFO] RulesReader:64 - Compatibility file has been processed (317 Rules)
2026-06-10 13:08:39,060 [INFO] CADModel:165 - CPN selected for project level
2026-06-10 13:08:39,060 [INFO] CADModel:114 - Register for checkConnection events
2026-06-10 13:08:39,060 [FATAL] Updater:351 - Updater called before beeing initialized
2026-06-10 13:08:39,060 [ERROR] CADModel:125 - Updater not yet initialized, retry later 
2026-06-10 13:08:39,153 [FATAL] Updater:351 - Updater called before beeing initialized
2026-06-10 13:08:39,154 [INFO] CADModel:165 - CPN selected for project level
2026-06-10 13:08:39,154 [INFO] CADModel:114 - Register for checkConnection events
2026-06-10 13:08:39,154 [FATAL] Updater:351 - Updater called before beeing initialized
2026-06-10 13:08:39,155 [ERROR] CADModel:125 - Updater not yet initialized, retry later 
2026-06-10 13:08:39,157 [FATAL] Updater:351 - Updater called before beeing initialized
2026-06-10 13:08:39,227 [FATAL] Updater:351 - Updater called before beeing initialized
2026-06-10 13:08:39,230 [INFO] DbMcusAds:53 - JSON generation date=Thu May 28 21:38:17 IST 2026 (1779984497073)
2026-06-10 13:08:39,230 [FATAL] Updater:351 - Updater called before beeing initialized
2026-06-10 13:08:39,250 [WARN] DetailPanel:346 - Failed to get advertising image, set to default
2026-06-10 13:08:39,310 [FATAL] Updater:351 - Updater called before beeing initialized
2026-06-10 13:08:39,311 [FATAL] Updater:351 - Updater called before beeing initialized
2026-06-10 13:08:39,311 [FATAL] Updater:351 - Updater called before beeing initialized
2026-06-10 13:08:39,312 [WARN] DetailPanel:346 - Failed to get advertising image, set to default
2026-06-10 13:08:39,312 [FATAL] Updater:351 - Updater called before beeing initialized
2026-06-10 13:08:39,341 [ERROR] Updater:1198 - MainUpdater not yet initialized. External WinMGr cannot be set.
2026-06-10 13:08:39,342 [INFO] Updater:1134 - Updater Version found : 6.15.0
2026-06-10 13:08:39,353 [INFO] ApplicationProperties:184 - Using Application install path: C:\ST\STM32CubeIDE_1.19.0\STM32CubeIDE\plugins\com.st.stm32cube.common.mx_6.15.0.202507011659
2026-06-10 13:08:40,918 [ERROR] LogOutputStream:75 - [STDERR_REDIRECT] Jun 10, 2026 1:08:40 PM java.util.prefs.WindowsPreferences <init>
2026-06-10 13:08:40,919 [ERROR] LogOutputStream:75 - [STDERR_REDIRECT] WARNING: Could not open/create prefs root node Software\JavaSoft\Prefs at root 0xffffffff80000002. Windows RegCreateKeyEx(...) returned error code 5.
2026-06-10 13:08:40,919 [ERROR] LogOutputStream:75 - [STDERR_REDIRECT] 
2026-06-10 13:08:41,245 [INFO] MainUpdater:2872 - connection check result : 10
2026-06-10 13:08:41,246 [INFO] MainUpdater:289 - Updater Check For Update Now.
2026-06-10 13:08:41,246 [INFO] MicroXplorer:498 - Change Database Version : DB.6.0.150
2026-06-10 13:08:41,253 [INFO] McuFinderGlobals:63 - Set McuFinder mode to 2 (CubeIDE integrated)
2026-06-10 13:08:41,254 [INFO] UserAuth:487 - Internet connection configuration mode: 1
2026-06-10 13:08:41,273 [INFO] JxBrowserEngine:152 - Initiate JxBrowser Engine with user profile folder
2026-06-10 13:08:41,406 [INFO] CheckServerUpdateThread:120 - End of CheckServer Thread
2026-06-10 13:08:41,636 [WARN] PackLoader:240 - Cannot read IP mode file for STMicroelectronics.FP-ATR-ASTRA1.2.0.2
2026-06-10 13:08:41,677 [WARN] PackLoader:240 - Cannot read IP mode file for STMicroelectronics.X-CUBE-AZRTOS-F7.1.1.0
2026-06-10 13:08:41,704 [WARN] PackLoader:240 - Cannot read IP mode file for STMicroelectronics.X-CUBE-DISPLAY.3.0.0
2026-06-10 13:08:41,719 [WARN] PackLoader:240 - Cannot read IP mode file for STMicroelectronics.X-CUBE-NFC10.1.0.0
2026-06-10 13:08:41,728 [WARN] PackLoader:240 - Cannot read IP mode file for STMicroelectronics.FP-SNS-SMARTAG2.1.2.0
2026-06-10 13:08:41,734 [WARN] PackLoader:240 - Cannot read IP mode file for STMicroelectronics.FP-SNS-FLIGHT1.5.1.0
2026-06-10 13:08:41,745 [INFO] LogOutputStream:77 - [STDOUT_REDIRECT] 1 : Invalid condition id : UX_CORESTACK_Condition cause : null
2026-06-10 13:08:41,746 [INFO] LogOutputStream:77 - [STDOUT_REDIRECT] 1 : Invalid condition id : UX_CORESTACK_Condition cause : null
2026-06-10 13:08:41,749 [INFO] LogOutputStream:77 - [STDOUT_REDIRECT] 1 : Invalid condition id : UX_CORESTACK_Condition cause : null
2026-06-10 13:08:41,749 [INFO] LogOutputStream:77 - [STDOUT_REDIRECT] 1 : Invalid condition id : UX_CORESTACK_Condition cause : null
2026-06-10 13:08:41,750 [INFO] LogOutputStream:77 - [STDOUT_REDIRECT] 1 : Invalid condition id : UX_CORESTACK_Condition cause : null
2026-06-10 13:08:41,754 [WARN] PackLoader:240 - Cannot read IP mode file for STMicroelectronics.X-CUBE-AZRTOS-WL.2.0.0
2026-06-10 13:08:41,763 [WARN] PackLoader:240 - Cannot read IP mode file for STMicroelectronics.X-CUBE-BLE2.3.3.0
2026-06-10 13:08:41,772 [WARN] PackLoader:240 - Cannot read IP mode file for STMicroelectronics.X-CUBE-NFC9.1.0.0
2026-06-10 13:08:41,780 [WARN] PackLoader:240 - Cannot read IP mode file for STMicroelectronics.X-CUBE-BLE1.7.1.0
2026-06-10 13:08:41,798 [WARN] PackLoader:240 - Cannot read IP mode file for STMicroelectronics.X-CUBE-AZRTOS-G0.1.1.0
2026-06-10 13:08:41,808 [WARN] PackLoader:240 - Cannot read IP mode file for STMicroelectronics.X-CUBE-NFC4.3.0.0
2026-06-10 13:08:41,821 [WARN] PackLoader:240 - Cannot read IP mode file for EmbeddedOffice.I-CUBE-FS-RTOS.1.0.1
2026-06-10 13:08:41,827 [WARN] PackLoader:240 - Cannot read IP mode file for STMicroelectronics.X-CUBE-TCPP.4.2.0
2026-06-10 13:08:41,834 [WARN] PackLoader:240 - Cannot read IP mode file for RealThread.X-CUBE-RT-Thread_Nano.4.1.1
2026-06-10 13:08:41,838 [WARN] PackLoader:240 - Cannot read IP mode file for STMicroelectronics.FP-ATR-SIGFOX1.3.2.0
2026-06-10 13:08:41,865 [WARN] PackLoader:240 - Cannot read IP mode file for SEGGER.I-CUBE-embOS.1.3.1
2026-06-10 13:08:41,898 [WARN] PackLoader:240 - Cannot read IP mode file for STMicroelectronics.X-CUBE-PM33A1.1.0.0
2026-06-10 13:08:41,910 [WARN] PackLoader:240 - Cannot read IP mode file for STMicroelectronics.X-CUBE-AZRTOS-F4.1.1.0
2026-06-10 13:08:41,919 [WARN] PackLoader:240 - Cannot read IP mode file for STMicroelectronics.X-CUBE-ISPU.2.1.0
2026-06-10 13:08:41,934 [WARN] PackLoader:240 - Cannot read IP mode file for STMicroelectronics.X-CUBE-AZRTOS-L5.2.0.0
2026-06-10 13:08:41,936 [INFO] WebApp:169 - Instantiating new browser for Auth
2026-06-10 13:08:41,942 [WARN] PackLoader:240 - Cannot read IP mode file for STMicroelectronics.X-CUBE-DPower.1.3.0
2026-06-10 13:08:41,958 [WARN] ConditionMgr:438 - getConditionDescription Invalid condition id : LAN8742 Phy interface Condition cause : null
2026-06-10 13:08:41,959 [WARN] PackLoader:240 - Cannot read IP mode file for STMicroelectronics.X-CUBE-AZRTOS-L4.2.0.0
2026-06-10 13:08:41,960 [WARN] ConditionMgr:1044 - genDependencies : Invalid condition id : LAN8742 Phy interface Condition cause : null
2026-06-10 13:08:41,960 [WARN] ConditionMgr:1044 - genDependencies : Invalid condition id : LAN8742 Phy interface Condition cause : null
2026-06-10 13:08:41,961 [WARN] ConditionMgr:1044 - genDependencies : Invalid condition id : LAN8742 Phy interface Condition cause : null
2026-06-10 13:08:41,969 [WARN] PackLoader:240 - Cannot read IP mode file for STMicroelectronics.X-CUBE-SFXS2LP1.4.0.0
2026-06-10 13:08:41,989 [WARN] ConditionMgr:438 - getConditionDescription Invalid condition id : UX DEVICE CLASS RTOS Condition cause : null
2026-06-10 13:08:41,989 [WARN] ConditionMgr:438 - getConditionDescription Invalid condition id : UX DEVICE CLASS RTOS Condition cause : null
2026-06-10 13:08:41,991 [WARN] PackLoader:240 - Cannot read IP mode file for STMicroelectronics.X-CUBE-AZRTOS-WB.2.0.0
2026-06-10 13:08:41,992 [WARN] ConditionMgr:1044 - genDependencies : Invalid condition id : UX DEVICE CLASS RTOS Condition cause : null
2026-06-10 13:08:41,992 [WARN] ConditionMgr:1044 - genDependencies : Invalid condition id : UX DEVICE CLASS RTOS Condition cause : null
2026-06-10 13:08:41,993 [WARN] ConditionMgr:1044 - genDependencies : Invalid condition id : UX DEVICE CLASS RTOS Condition cause : null
2026-06-10 13:08:41,993 [WARN] ConditionMgr:1044 - genDependencies : Invalid condition id : UX DEVICE CLASS RTOS Condition cause : null
2026-06-10 13:08:41,993 [WARN] ConditionMgr:1044 - genDependencies : Invalid condition id : UX DEVICE CLASS RTOS Condition cause : null
2026-06-10 13:08:42,003 [WARN] PackLoader:240 - Cannot read IP mode file for STMicroelectronics.X-CUBE-SUBG2.5.0.0
2026-06-10 13:08:42,021 [WARN] PackLoader:240 - Cannot read IP mode file for STMicroelectronics.X-CUBE-AZRTOS-G4.2.0.0
2026-06-10 13:08:42,030 [WARN] PackLoader:240 - Cannot read IP mode file for STMicroelectronics.X-CUBE-NFC7.2.0.0
2026-06-10 13:08:42,036 [WARN] PackLoader:240 - Cannot read IP mode file for STMicroelectronics.X-CUBE-ALS.1.0.2
2026-06-10 13:08:42,048 [WARN] PackLoader:240 - Cannot read IP mode file for STMicroelectronics.X-CUBE-TOF1.3.4.3
2026-06-10 13:08:42,063 [INFO] ThirdParty:978 - Integrity check success = true
2026-06-10 13:08:42,064 [INFO] IntegrityCheckThread:100 - exiting critical section [integrity check]
2026-06-10 13:08:42,064 [INFO] IntegrityCheckThread:103 - End integrity checks thread
2026-06-10 13:08:42,749 [INFO] WebApp:463 - Apply proxy settings
2026-06-10 13:08:42,749 [INFO] WebApp:548 - Chromium requires no authentication
2026-06-10 13:08:42,757 [INFO] WebApp:491 - Direct internet connection detected
2026-06-10 13:08:42,786 [INFO] WebApp:900 - Register for checkConnection events
2026-06-10 13:08:42,786 [INFO] WebApp:463 - Apply proxy settings
2026-06-10 13:08:42,786 [INFO] WebApp:548 - Chromium requires no authentication
2026-06-10 13:08:42,787 [INFO] WebApp:491 - Direct internet connection detected
2026-06-10 13:08:42,967 [INFO] WebApp:225 - Starting web application
2026-06-10 13:08:42,968 [INFO] WebApp:593 - Web application path used C:\ST\STM32CubeIDE_1.19.0\STM32CubeIDE\plugins\com.st.stm32cube.common.mx_6.15.0.202507011659\db\plugins\mcufinder\reactClient1\index.html
2026-06-10 13:08:43,040 [INFO] UserAuth:487 - Internet connection configuration mode: 1
2026-06-10 13:08:43,522 [INFO] WebApp:191 - Connection restablished
2026-06-10 13:09:16,357 [INFO] McuFinderGlobals:63 - Set McuFinder mode to 2 (CubeIDE integrated)
2026-06-10 13:09:17,732 [INFO] MainUpdater:2872 - connection check result : 10
2026-06-10 13:09:17,732 [INFO] MainUpdater:2872 - connection check result : 10
2026-06-10 13:09:17,762 [INFO] MicroXplorer:468 - Change Database Path : 
2026-06-10 13:09:17,762 [INFO] MicroXplorer:498 - Change Database Version : DB.6.0.150
2026-06-10 13:09:17,768 [WARN] ThirdParty:871 - waiting for thirdparty lock release [close project]
2026-06-10 13:09:17,768 [INFO] ThirdParty:873 - entering critical section [close project]
2026-06-10 13:09:17,771 [INFO] ThirdParty:883 - exiting critical section [close project]
2026-06-10 13:09:17,773 [INFO] PinOutPanel:1589 - setPackage(No Configuration,No Configuration)
2026-06-10 13:09:17,774 [INFO] UtilMem:75 - Begin LoadConfig() Used Memory: 373863512 Bytes (530579456)
2026-06-10 13:09:17,777 [INFO] MicroXplorer:468 - Change Database Path : 
2026-06-10 13:09:17,777 [INFO] MicroXplorer:498 - Change Database Version : DB.6.0.150
2026-06-10 13:09:17,777 [INFO] OpenFileManager:355 - Change cursor
2026-06-10 13:09:17,817 [INFO] Mcu:2029 - Initializing MCU STM32F103C(8-B)Tx STM32F103C8Tx STM32F103C8T6
2026-06-10 13:09:18,721 [INFO] Context:786 - Trying to add GPIOservice into a context  which must be forbidden
2026-06-10 13:09:18,885 [INFO] ImportTextPane:234 - (OptionalMessage_ERROR) Pin15 (VP_RIF_VS_RIF1) cannot be retrieved for this MCU
2026-06-10 13:09:18,937 [INFO] RtosManager:558 - Registered RTOS mode: class=CMSIS, group=RTOS, mode=CMSIS_V1, owner=FREERTOS
2026-06-10 13:09:18,937 [INFO] RtosManager:558 - Registered RTOS mode: class=CMSIS, group=RTOS2, mode=CMSIS_V2, owner=FREERTOS
2026-06-10 13:09:18,937 [INFO] RtosManager:558 - Registered RTOS mode: class=RTOS, group=Core, mode=CMSIS_V1, owner=FREERTOS
2026-06-10 13:09:18,937 [INFO] RtosManager:558 - Registered RTOS mode: class=RTOS, group=Core, mode=CMSIS_V2, owner=FREERTOS
2026-06-10 13:09:18,937 [WARN] ModelIntegratedComponent:184 - Missing modes for component STMicroelectronics:FreeRTOS:0.0.1:STMicroelectronics:RTOS:FreeRTOS:Core:::10.2.0:
2026-06-10 13:09:18,945 [WARN] ModelIntegratedComponent:63 - No mode defined for component null
2026-06-10 13:09:18,945 [WARN] ModelIntegratedComponent:63 - No mode defined for component null
2026-06-10 13:09:18,945 [WARN] ModelIntegratedComponent:63 - No mode defined for component null
2026-06-10 13:09:18,945 [WARN] ModelIntegratedComponent:63 - No mode defined for component null
2026-06-10 13:09:18,946 [WARN] ModelIntegratedComponent:63 - No mode defined for component null
2026-06-10 13:09:18,946 [WARN] ModelIntegratedComponent:63 - No mode defined for component null
2026-06-10 13:09:18,946 [WARN] ModelIntegratedComponent:63 - No mode defined for component null
2026-06-10 13:09:18,946 [WARN] ModelIntegratedComponent:63 - No mode defined for component null
2026-06-10 13:09:18,946 [WARN] ModelIntegratedComponent:63 - No mode defined for component null
2026-06-10 13:09:18,946 [WARN] ModelIntegratedComponent:63 - No mode defined for component null
2026-06-10 13:09:18,946 [WARN] ModelIntegratedComponent:63 - No mode defined for component null
2026-06-10 13:09:18,946 [WARN] ModelIntegratedComponent:63 - No mode defined for component null
2026-06-10 13:09:18,946 [WARN] ModelIntegratedComponent:63 - No mode defined for component null
2026-06-10 13:09:18,946 [WARN] ModelIntegratedComponent:63 - No mode defined for component null
2026-06-10 13:09:18,946 [WARN] ModelIntegratedComponent:63 - No mode defined for component null
2026-06-10 13:09:18,946 [WARN] ModelIntegratedComponent:63 - No mode defined for component null
2026-06-10 13:09:18,946 [WARN] ModelIntegratedComponent:63 - No mode defined for component null
2026-06-10 13:09:18,946 [WARN] ModelIntegratedComponent:63 - No mode defined for component null
2026-06-10 13:09:18,946 [WARN] ModelIntegratedComponent:63 - No mode defined for component null
2026-06-10 13:09:18,946 [WARN] ModelIntegratedComponent:63 - No mode defined for component null
2026-06-10 13:09:18,946 [WARN] ModelIntegratedComponent:63 - No mode defined for component null
2026-06-10 13:09:18,946 [WARN] ModelIntegratedComponent:63 - No mode defined for component null
2026-06-10 13:09:18,946 [WARN] ModelIntegratedComponent:63 - No mode defined for component null
2026-06-10 13:09:18,946 [WARN] ModelIntegratedComponent:63 - No mode defined for component null
2026-06-10 13:09:18,946 [WARN] ModelIntegratedComponent:63 - No mode defined for component null
2026-06-10 13:09:18,946 [WARN] ModelIntegratedComponent:63 - No mode defined for component null
2026-06-10 13:09:18,946 [WARN] ModelIntegratedComponent:63 - No mode defined for component null
2026-06-10 13:09:18,946 [WARN] ModelIntegratedComponent:63 - No mode defined for component null
2026-06-10 13:09:18,946 [WARN] ModelIntegratedComponent:63 - No mode defined for component null
2026-06-10 13:09:18,946 [WARN] ModelIntegratedComponent:63 - No mode defined for component null
2026-06-10 13:09:18,946 [WARN] ModelIntegratedComponent:63 - No mode defined for component null
2026-06-10 13:09:18,947 [WARN] ModelIntegratedComponent:63 - No mode defined for component null
2026-06-10 13:09:18,947 [WARN] ModelIntegratedComponent:63 - No mode defined for component null
2026-06-10 13:09:18,947 [WARN] ModelIntegratedComponent:63 - No mode defined for component null
2026-06-10 13:09:18,947 [WARN] ModelIntegratedComponent:63 - No mode defined for component null
2026-06-10 13:09:18,947 [WARN] ModelPack:524 - Component already loaded: STMicroelectronics:HAL Drivers:0.0.0:STMicroelectronics:Device:STMicro_Driver:XSPI:HAL::0.0.1:HAL_XSPI
2026-06-10 13:09:18,962 [INFO] ThirdPartyModel:298 - Start build external matchings
2026-06-10 13:09:19,019 [INFO] ThirdPartyModel:316 - End build external matchings
2026-06-10 13:09:19,236 [INFO] ApiDb:581 - Connected to CubeFinder SQLite database (C:\Users\91953\.stmcufinder\plugins\mcufinder\mcu\cube-finder-db.db)
2026-06-10 13:09:19,289 [INFO] ApiDb:668 - CubeFinder database Data Model version=2.1
2026-06-10 13:09:19,289 [INFO] ApiDb:669 - CubeFinder database Configuration version=3.0.42
2026-06-10 13:09:19,289 [INFO] ApiDb:670 - CubeFinder database generation date=2026-05-14 (1778746352)
2026-06-10 13:09:19,289 [INFO] ApiDb:671 - CubeFinder database FW Pack versions=[FP-ATR-ASTRA1_V2.0.0, FP-SNS-FLIGHT1_V5.1.0, FP-SNS-MOTENV1_V5.1.0, FP-SNS-MOTENVWB1_V1.5.0, FP-SNS-SMARTAG2_V1.2.0, FP-SNS-STBOX1_V2.1.0, STM32Cube_FW_C0_V1.4.0, STM32Cube_FW_F4_V1.28.3, STM32Cube_FW_F7_V1.17.4, STM32Cube_FW_G0_V1.6.3, STM32Cube_FW_G4_V1.6.2, STM32Cube_FW_H5_V1.6.0, STM32Cube_FW_H7RS_V1.3.0, STM32Cube_FW_H7_V1.13.0, STM32Cube_FW_L0_V1.12.2, STM32Cube_FW_L4_V1.18.2, STM32Cube_FW_L5_V1.6.0, STM32Cube_FW_N6_V1.3.0, STM32Cube_FW_U0_V1.3.0, STM32Cube_FW_U3_V1.3.0, STM32Cube_FW_U5_V1.8.0, STM32Cube_FW_WB0_V1.4.0, STM32Cube_FW_WBA_V1.9.0, STM32Cube_FW_WB_V1.24.0, STM32Cube_FW_WL3_V1.4.0, STM32Cube_FW_WL_V1.5.0, X-CUBE-ALGOBUILD_V1.4.0, X-CUBE-ALS_V1.0.2, X-CUBE-AZRTOS-F4_V1.1.0, X-CUBE-AZRTOS-F7_V1.1.0, X-CUBE-AZRTOS-G0_V1.1.0, X-CUBE-AZRTOS-G4_V2.0.0, X-CUBE-AZRTOS-H7RS_V1.1.0, X-CUBE-AZRTOS-H7_V3.5.0, X-CUBE-AZRTOS-L4_V2.0.0, X-CUBE-AZRTOS-L5_V2.0.0, X-CUBE-AZRTOS-WB_V2.0.0, X-CUBE-AZRTOS-WL_V2.0.0, X-CUBE-BLE1_V7.1.0, X-CUBE-BLE2_V3.3.0, X-CUBE-BLEMGR_V4.1.0, X-CUBE-EEPRMA1_V5.2.0, X-CUBE-FREERTOS_V1.5.0, X-CUBE-GNSS1_V7.1.1, X-CUBE-MEMS1_V12.1.0, X-CUBE-NFC4_V3.0.0, X-CUBE-NFC7_V2.0.0, X-CUBE-SFXS2LP1_V4.0.0, X-CUBE-ST67W61_V1.3.0, X-CUBE-SUBG2_V5.0.0, X-CUBE-TOF1_V3.4.3]
2026-06-10 13:09:19,326 [INFO] DbBoardsSqlite:226 - include board P-NUCLEO-WB55-NUCLEO as a kit item of type 'Nucleo-64'
2026-06-10 13:09:19,326 [INFO] DbBoardsSqlite:226 - include board P-NUCLEO-WB55-USBDONGLE as a kit item of type 'Nucleo USB Dongle'
2026-06-10 13:09:19,327 [INFO] DbBoardsSqlite:226 - include board STEVAL-IDP005V1 as a kit item of type 'Evaluation Board'
2026-06-10 13:09:19,327 [INFO] DbBoardsSqlite:226 - include board STEVAL-IDP005V2 as a kit item of type 'Evaluation Board'
2026-06-10 13:09:19,376 [INFO] ApiDb:240 - Found 880 in-development CPN: [B-G473E-ZEST1S, B-WB1M-WPAN1, B-WBA5M-WPAN, B-WL5M-SUBG1, NUCLEO-C031C6, NUCLEO-C051C8, NUCLEO-C071RB, NUCLEO-C092RC, NUCLEO-H503RB, NUCLEO-H533RE, NUCLEO-H563ZI, NUCLEO-H7S3L8, NUCLEO-N657X0-Q, NUCLEO-U031R8, NUCLEO-U083RC, NUCLEO-U385RG-Q, NUCLEO-U545RE-Q, NUCLEO-U5A5ZJ-Q, NUCLEO-WB05KZ, NUCLEO-WB07CC, NUCLEO-WB09KE, NUCLEO-WBA52CG, NUCLEO-WBA55CG, NUCLEO-WL33CC1, NUCLEO-WL33CC2, STEVAL-PROTEUS1, STEVAL-SMARTAG2, STEVAL-STWINBX1, STM320518-EVAL, STM32C0116-DK, STM32C011D6Y3TR, STM32C011D6Y6TR, STM32C011F4P3, STM32C011F4P6, STM32C011F4U3, STM32C011F4U6TR, STM32C011F6P3, STM32C011F6P6, STM32C011F6U3, STM32C011F6U6TR, STM32C011J4M3, STM32C011J4M6, STM32C011J6M3, STM32C011J6M6, STM32C0316-DK, STM32C031C4T3, STM32C031C4T6, STM32C031C4U3, STM32C031C4U6, STM32C031C6T3, STM32C031C6T6, STM32C031C6U3, STM32C031C6U6, STM32C031F4P3, STM32C031F4P6, STM32C031F6P3, STM32C031F6P6, STM32C031G4U3, STM32C031G4U6, STM32C031G6U3, STM32C031G6U6, STM32C031K4T3, STM32C031K4T6, STM32C031K4U3, STM32C031K4U6, STM32C031K6T3, STM32C031K6T6, STM32C031K6U3, STM32C031K6U6, STM32C051C6T6, STM32C051C6U6, STM32C051C8T6, STM32C051C8U6, STM32C051D8Y6TR, STM32C051F6P6, STM32C051F8P6, STM32C051G6U6, STM32C051G8U6, STM32C051K6T6, STM32C051K6U6, STM32C051K8T6, STM32C071C8T6, STM32C071C8T6N, STM32C071C8U6, STM32C071C8U6N, STM32C071CBT6, STM32C071CBT6N, STM32C071CBU6, STM32C071CBU6N, STM32C071F8P6, STM32C071F8P6N, STM32C071FBP6, STM32C071FBP6N, STM32C071FBY6TR, STM32C071G8U6, STM32C071G8U6N, STM32C071GBU6, STM32C071GBU6N, STM32C071K8T6, STM32C071K8T6N, STM32C071K8U6, STM32C071K8U6N, STM32C071KBT6, STM32C071KBT6N, STM32C071KBU6, STM32C071KBU6N, STM32C071R8T6, STM32C071R8T6N, STM32C071RBI6N, STM32C071RBT6, STM32C071RBT6N, STM32C091CBT6, STM32C091CBU6, STM32C091CCT6, STM32C091CCU6, STM32C091ECY6TR, STM32C091FBP6, STM32C091FCP6, STM32C091GBU6, STM32C091GCU6, STM32C091KBT6, STM32C091KBU6, STM32C091KCT6, STM32C091KCU6, STM32C091RBT6, STM32C091RCI6, STM32C091RCT6, STM32C092CBT6, STM32C092CBU6, STM32C092CCT6, STM32C092CCU6, STM32C092ECY6TR, STM32C092FBP6, STM32C092FCP6, STM32C092GBU6, STM32C092GCU6, STM32C092KBT6, STM32C092KBU6, STM32C092KCT6, STM32C092KCU6, STM32C092RBT6, STM32C092RCI6, STM32C092RCT6, STM32G071K8TXN, STM32G071K8UXN, STM32G081GBU6N, STM32G081KBT6N, STM32G081KBUXN, STM32G0B1CCT6N, STM32G0B1KCT6, STM32G0B1NEY6TR, STM32G0B1RCT6N, STM32G0C1CCT6, STM32G0C1CCT6N, STM32G0C1CCU6N, STM32G0C1CET6N, STM32G0C1CEU6N, STM32G0C1KCT6, STM32G0C1NEY6TR, STM32G0C1RCI6N, STM32G0C1RCT6N, STM32G0C1REI6N, STM32G0C1RET6N, STM32G0C1VCI6, STM32G0C1VEI6, STM32G411C6T3, STM32G411C6T6, STM32G411C6U3, STM32G411C6U6, STM32G411C8T3, STM32G411C8T6, STM32G411C8U3, STM32G411C8U6, STM32G411CBT3, STM32G411CBT6, STM32G411CBU3, STM32G411CBU6, STM32G411K6T3, STM32G411K6T6, STM32G411K6U3, STM32G411K6U6, STM32G411K8T3, STM32G411K8T6, STM32G411K8U3, STM32G411K8U6, STM32G411KBT3, STM32G411KBT6, STM32G411KBU3, STM32G411KBU6, STM32G411M6T3, STM32G411M6T6, STM32G411M8T3, STM32G411M8T6, STM32G411MBT3, STM32G411MBT6, STM32G411R6T3, STM32G411R6T6, STM32G411R8T3, STM32G411R8T6, STM32G411RBT3, STM32G411RBT6, STM32G414CBT3, STM32G414CBT6, STM32G414CBU3, STM32G414CBU6, STM32G414CCT3, STM32G414CCT6, STM32G414CCU3, STM32G414CCU6, STM32G414MBT3, STM32G414MBT6, STM32G414MCT3, STM32G414MCT6, STM32G414RBT3, STM32G414RBT6, STM32G414RCT3, STM32G414RCT6, STM32G414VBT3, STM32G414VBT6, STM32G414VCT3, STM32G414VCT6, STM32G431CBT3Z, STM32G431RBT3Z, STM32G471CCT6, STM32G471CCU6, STM32G471CET3, STM32G471CET6, STM32G471CEU3, STM32G471CEU6, STM32G471MCT6, STM32G471MET3, STM32G471MET6, STM32G471MEY6TR, STM32G471QCT6, STM32G471QET3, STM32G471RCT6, STM32G471RET3, STM32G471RET6, STM32G471VCH6, STM32G471VCI6, STM32G471VCT6, STM32G471VEH3, STM32G471VEH6, STM32G471VEI3, STM32G471VEI6, STM32G471VET3, STM32G471VET6, STM32G473QET3Z, STM32G473RET3Z, STM32G474CCT6, STM32G491RET3Z, STM32H503CBT6, STM32H503CBU6, STM32H503EBY6TR, STM32H503KBU6, STM32H503RBT6, STM32H523CCT6, STM32H523CCU6, STM32H523CET6, STM32H523CEU6, STM32H523HEY6TR, STM32H523RCT6, STM32H523RET6, STM32H523VCI6, STM32H523VCT6, STM32H523VEI6, STM32H523VET6, STM32H523ZCJ6, STM32H523ZCT6, STM32H523ZEJ6, STM32H523ZET6, STM32H533CET6, STM32H533CEU6, STM32H533HEY6TR, STM32H533RET6, STM32H533VEI6, STM32H533VET6, STM32H533ZEJ6, STM32H533ZET6, STM32H562AGI6, STM32H562AII6, STM32H562IGK6, STM32H562IGT6, STM32H562IIK6, STM32H562IIT6, STM32H562RGT6, STM32H562RGV6, STM32H562RIT6, STM32H562RIV6, STM32H562VGT6, STM32H562VIT6, STM32H562ZGT6, STM32H562ZIT6, STM32H563AGI6, STM32H563AII3Q, STM32H563AII6, STM32H563IGK6, STM32H563IGT6, STM32H563IIK3Q, STM32H563IIK6, STM32H563IIT3Q, STM32H563IIT6, STM32H563MIY3QTR, STM32H563RGT6, STM32H563RGV6, STM32H563RIT6, STM32H563RIV6, STM32H563VGT6, STM32H563VIT3Q, STM32H563VIT6, STM32H563ZGT6, STM32H563ZIT3Q, STM32H563ZIT6, STM32H573AII3Q, STM32H573AII6, STM32H573I-DK, STM32H573IIK3Q, STM32H573IIK6, STM32H573IIT3Q, STM32H573IIT6, STM32H573MIY3QTR, STM32H573RIT6, STM32H573RIV6, STM32H573VIT3Q, STM32H573VIT6, STM32H573ZIT3Q, STM32H573ZIT6, STM32H7R3A8I6, STM32H7R3I8K6, STM32H7R3I8T6, STM32H7R3L8H6, STM32H7R3L8H6H, STM32H7R3R8V6, STM32H7R3V8H6, STM32H7R3V8T6, STM32H7R3V8Y6TR, STM32H7R3Z8J6, STM32H7R3Z8T6, STM32H7R7A8I6, STM32H7R7I8K6, STM32H7R7I8T6, STM32H7R7L8H6, STM32H7R7L8H6H, STM32H7R7Z8J6, STM32H7S3A8I6, STM32H7S3I8K6, STM32H7S3I8T6, STM32H7S3L8H6, STM32H7S3L8H6H, STM32H7S3R8V6, STM32H7S3V8H6, STM32H7S3V8T6, STM32H7S3V8Y6TR, STM32H7S3Z8J6, STM32H7S3Z8T6, STM32H7S78-DK, STM32H7S7A8I6, STM32H7S7I8K6, STM32H7S7I8T6, STM32H7S7L8H6, STM32H7S7L8H6H, STM32H7S7Z8J6, STM32L4R5QGI6STR, STM32MP131AAE3, STM32MP131AAF3, STM32MP131AAG3, STM32MP131CAE3, STM32MP131CAF3, STM32MP131CAG3, STM32MP131DAE7, STM32MP131DAF7, STM32MP131DAG7, STM32MP131FAE7, STM32MP131FAF7, STM32MP131FAG7, STM32MP133AAE3, STM32MP133AAF3, STM32MP133AAG3, STM32MP133CAE3, STM32MP133CAF3, STM32MP133CAG3, STM32MP133DAE7, STM32MP133DAF7, STM32MP133DAG7, STM32MP133FAE7, STM32MP133FAF7, STM32MP133FAG7, STM32MP135AAE3, STM32MP135AAF3, STM32MP135AAG3, STM32MP135CAE3, STM32MP135CAF3, STM32MP135CAG3, STM32MP135DAE7, STM32MP135DAF7, STM32MP135DAG7, STM32MP135F-DK, STM32MP135FAE7, STM32MP135FAF7, STM32MP135FAF7T, STM32MP135FAF7U, STM32MP135FAG7, STM32MP211AAL3, STM32MP211AAM3, STM32MP211AAN3, STM32MP211AAO3, STM32MP211CAL3, STM32MP211CAM3, STM32MP211CAN3, STM32MP211CAO3, STM32MP211DAL3, STM32MP211DAM3, STM32MP211DAN3, STM32MP211DAO3, STM32MP211FAL3, STM32MP211FAM3, STM32MP211FAN3, STM32MP211FAO3, STM32MP213AAL3, STM32MP213AAM3, STM32MP213AAN3, STM32MP213AAO3, STM32MP213CAL3, STM32MP213CAM3, STM32MP213CAN3, STM32MP213CAO3, STM32MP213DAL3, STM32MP213DAM3, STM32MP213DAN3, STM32MP213DAO3, STM32MP213FAL3, STM32MP213FAM3, STM32MP213FAN3, STM32MP213FAO3, STM32MP215AAL3, STM32MP215AAM3, STM32MP215AAN3, STM32MP215AAO3, STM32MP215CAL3, STM32MP215CAM3, STM32MP215CAN3, STM32MP215CAO3, STM32MP215DAL3, STM32MP215DAM3, STM32MP215DAN3, STM32MP215DAO3, STM32MP215F-DK, STM32MP215FAL3, STM32MP215FAM3, STM32MP215FAN3, STM32MP215FAO3, STM32MP231AAJ3, STM32MP231AAK3, STM32MP231AAL3, STM32MP231CAJ3, STM32MP231CAK3, STM32MP231CAL3, STM32MP231DAJ3, STM32MP231DAK3, STM32MP231DAL3, STM32MP231FAJ3, STM32MP231FAK3, STM32MP231FAL3, STM32MP233AAJ3, STM32MP233AAK3, STM32MP233AAL3, STM32MP233CAJ3, STM32MP233CAK3, STM32MP233CAL3, STM32MP233DAJ3, STM32MP233DAK3, STM32MP233DAL3, STM32MP233FAJ3, STM32MP233FAK3, STM32MP233FAL3, STM32MP235AAJ3, STM32MP235AAK3, STM32MP235AAL3, STM32MP235CAJ3, STM32MP235CAK3, STM32MP235CAL3, STM32MP235DAJ3, STM32MP235DAK3, STM32MP235DAL3, STM32MP235FAJ3, STM32MP235FAK3, STM32MP235FAL3, STM32MP251AAI3, STM32MP251AAK3, STM32MP251AAL3, STM32MP251CAI3, STM32MP251CAK3, STM32MP251CAL3, STM32MP251DAI3, STM32MP251DAK3, STM32MP251DAL3, STM32MP251FAI3, STM32MP251FAK3, STM32MP251FAL3, STM32MP253AAI3, STM32MP253AAK3, STM32MP253AAL3, STM32MP253CAI3, STM32MP253CAK3, STM32MP253CAL3, STM32MP253DAI3, STM32MP253DAK3, STM32MP253DAL3, STM32MP253FAI3, STM32MP253FAK3, STM32MP253FAL3, STM32MP255AAI3, STM32MP255AAK3, STM32MP255AAL3, STM32MP255CAI3, STM32MP255CAK3, STM32MP255CAL3, STM32MP255DAI3, STM32MP255DAK3, STM32MP255DAL3, STM32MP255FAI3, STM32MP255FAK3, STM32MP255FAL3, STM32MP257AAI3, STM32MP257AAK3, STM32MP257AAL3, STM32MP257CAI3, STM32MP257CAK3, STM32MP257CAL3, STM32MP257DAI3, STM32MP257DAK3, STM32MP257DAL3, STM32MP257F-DK, STM32MP257F-EV1, STM32MP257FAI3, STM32MP257FAK3, STM32MP257FAL3, STM32N645A0H3Q, STM32N645B0H3Q, STM32N645I0H3Q, STM32N645L0H3Q, STM32N645X0H3Q, STM32N645Z0H3Q, STM32N647A0H3Q, STM32N647B0H3Q, STM32N647I0H3Q, STM32N647L0H3Q, STM32N647X0H3Q, STM32N647Z0H3Q, STM32N655A0H3Q, STM32N655B0H3Q, STM32N655I0H3Q, STM32N655L0H3Q, STM32N655X0H3Q, STM32N655Z0H3Q, STM32N6570-DK, STM32N657A0H3Q, STM32N657B0H3Q, STM32N657I0H3Q, STM32N657L0H3Q, STM32N657X0H3Q, STM32N657Z0H3Q, STM32U031C6T6, STM32U031C6U6, STM32U031C8T6, STM32U031C8U6, STM32U031F4P6, STM32U031F6P6, STM32U031F8P6, STM32U031G6Y6TR, STM32U031G8Y6TR, STM32U031K4U6, STM32U031K6U6, STM32U031K8U6, STM32U031R6I6, STM32U031R6T6, STM32U031R8I6, STM32U031R8T6, STM32U073C8T6, STM32U073C8U6, STM32U073CBT6, STM32U073CBU6, STM32U073CCT6, STM32U073CCU6, STM32U073H8Y6TR, STM32U073HBY6TR, STM32U073HCY6TR, STM32U073K8U6, STM32U073KBU6, STM32U073KCU6, STM32U073M8I6, STM32U073M8T6, STM32U073MBI6, STM32U073MBT6, STM32U073MCI6, STM32U073MCT6, STM32U073R8I6, STM32U073R8T6, STM32U073RBI6, STM32U073RBT6, STM32U073RCI6, STM32U073RCT6, STM32U083C-DK, STM32U083CCT6, STM32U083CCU6, STM32U083HCY6TR, STM32U083KCU6, STM32U083MCI6, STM32U083MCT6, STM32U083RCI6, STM32U083RCT6, STM32U375CET6, STM32U375CET6Q, STM32U375CEU6, STM32U375CEU6Q, STM32U375CEY6QTR, STM32U375CGT6, STM32U375CGT6Q, STM32U375CGU6, STM32U375CGU6Q, STM32U375CGY6QTR, STM32U375KEU6, STM32U375KGU6, STM32U375REI6, STM32U375REI6Q, STM32U375RET6, STM32U375RET6Q, STM32U375REY6GTR, STM32U375REY6QTR, STM32U375RGI6, STM32U375RGI6Q, STM32U375RGT6, STM32U375RGT6Q, STM32U375RGY6GTR, STM32U375RGY6QTR, STM32U375VEI6, STM32U375VEI6Q, STM32U375VET6, STM32U375VET6Q, STM32U375VGI6, STM32U375VGI6Q, STM32U375VGT6, STM32U375VGT6Q, STM32U385CGT6, STM32U385CGT6Q, STM32U385CGU6, STM32U385CGU6Q, STM32U385CGY6QTR, STM32U385KGU6, STM32U385RGI6, STM32U385RGI6Q, STM32U385RGT6, STM32U385RGT6Q, STM32U385RGY6GTR, STM32U385RGY6QTR, STM32U385VGI6, STM32U385VGI6Q, STM32U385VGT6, STM32U385VGT6Q, STM32U535CBT6, STM32U535CBT6Q, STM32U535CBU6, STM32U535CBU6Q, STM32U535CCT6, STM32U535CCT6Q, STM32U535CCU6, STM32U535CCU6Q, STM32U535CET6, STM32U535CET6Q, STM32U535CEU6, STM32U535CEU6Q, STM32U535JEY6QTR, STM32U535NCY6QTR, STM32U535NEY6QTR, STM32U535RBI6, STM32U535RBI6Q, STM32U535RBT6, STM32U535RBT6Q, STM32U535RCI6, STM32U535RCI6Q, STM32U535RCT6, STM32U535RCT6Q, STM32U535REI6, STM32U535REI6Q, STM32U535RET6, STM32U535RET6Q, STM32U535VCI6, STM32U535VCI6Q, STM32U535VCT6, STM32U535VCT6Q, STM32U535VEI6, STM32U535VEI6Q, STM32U535VET6, STM32U535VET6Q, STM32U545CET6, STM32U545CET6Q, STM32U545CEU6, STM32U545CEU6Q, STM32U545JEY6QTR, STM32U545NEY6QTR, STM32U545REI6, STM32U545REI6Q, STM32U545RET6, STM32U545RET6Q, STM32U545VEI6, STM32U545VEI6Q, STM32U545VET6, STM32U545VET6Q, STM32U595AIH6, STM32U595AIH6Q, STM32U595AJH6, STM32U595AJH6Q, STM32U595QII6, STM32U595QII6Q, STM32U595QJI6, STM32U595QJI6Q, STM32U595RIT6, STM32U595RIT6Q, STM32U595RJT6, STM32U595RJT6Q, STM32U595VIT6, STM32U595VIT6Q, STM32U595VJT6, STM32U595VJT6Q, STM32U595ZIT6, STM32U595ZIT6Q, STM32U595ZIY6QTR, STM32U595ZJT6, STM32U595ZJT6Q, STM32U595ZJY6QTR, STM32U599BJY6QTR, STM32U599NIH6Q, STM32U599NJH6Q, STM32U599VIT6Q, STM32U599VJT6, STM32U599VJT6Q, STM32U599ZIT6Q, STM32U599ZIY6QTR, STM32U599ZJT6Q, STM32U599ZJY6QTR, STM32U5A5AJH6, STM32U5A5AJH6Q, STM32U5A5QII3Q , STM32U5A5QJI6, STM32U5A5QJI6Q, STM32U5A5RJT6, STM32U5A5RJT6Q, STM32U5A5VJT6, STM32U5A5VJT6Q, STM32U5A5ZJT6, STM32U5A5ZJT6Q, STM32U5A5ZJY6QTR, STM32U5A9BJY6QTR, STM32U5A9J-DK, STM32U5A9NJH6Q, STM32U5A9VJT6Q, STM32U5A9ZJT6Q, STM32U5A9ZJY6QTR, STM32U5F7VIT6, STM32U5F7VIT6Q, STM32U5F7VJT6, STM32U5F7VJT6Q, STM32U5F9BJY6QTR, STM32U5F9NJH6Q, STM32U5F9VIT6Q, STM32U5F9VJT6Q, STM32U5F9ZIJ6QTR, STM32U5F9ZIT6Q, STM32U5F9ZJJ6QTR, STM32U5F9ZJT6Q, STM32U5G7VJT6, STM32U5G7VJT6Q, STM32U5G9BJY6QTR, STM32U5G9J-DK1, STM32U5G9J-DK2, STM32U5G9NJH6Q, STM32U5G9VJT6Q, STM32U5G9ZJJ6QTR, STM32U5G9ZJT6Q, STM32WB05KZV6TR, STM32WB05KZV7TR, STM32WB05TZF6TR, STM32WB05TZF7TR, STM32WB06CCF6TR, STM32WB06CCF7TR, STM32WB06CCV6TR, STM32WB06CCV7TR, STM32WB06KCV6TR, STM32WB06KCV7TR, STM32WB07CCF6TR, STM32WB07CCF7TR, STM32WB07CCV6TR, STM32WB07CCV7TR, STM32WB07KCV6TR, STM32WB07KCV7TR, STM32WB09KEV6TR, STM32WB09KEV7TR, STM32WB09TEF6TR, STM32WB09TEF7TR, STM32WB1MMCH6, STM32WBA50KGU6, STM32WBA50KGU6TR, STM32WBA52CEU6, STM32WBA52CEU6TR, STM32WBA52CEU7, STM32WBA52CEU7TR, STM32WBA52CGU6, STM32WBA52CGU6TR, STM32WBA52CGU6U, STM32WBA52CGU7, STM32WBA52CGU7TR, STM32WBA52KEU6, STM32WBA52KEU6TR, STM32WBA52KGU6, STM32WBA52KGU6TR, STM32WBA54CEU6, STM32WBA54CEU6TR, STM32WBA54CEU7, STM32WBA54CEU7TR, STM32WBA54CGU6, STM32WBA54CGU6TR, STM32WBA54CGU7, STM32WBA54CGU7TR, STM32WBA54KEU6, STM32WBA54KEU6TR, STM32WBA54KEU7, STM32WBA54KEU7TR, STM32WBA54KGU6, STM32WBA54KGU6TR, STM32WBA54KGU7, STM32WBA54KGU7TR, STM32WBA55CEU6, STM32WBA55CEU6TR, STM32WBA55CEU7, STM32WBA55CEU7TR, STM32WBA55CGU6, STM32WBA55CGU6TR, STM32WBA55CGU6U, STM32WBA55CGU7, STM32WBA55CGU7TR, STM32WBA55G-DK1, STM32WBA55HEF6, STM32WBA55HEF7, STM32WBA55HGF6, STM32WBA55HGF7, STM32WBA55UEI6, STM32WBA55UEI6TR, STM32WBA55UEI7, STM32WBA55UEI7TR, STM32WBA55UGI6, STM32WBA55UGI6TR, STM32WBA55UGI7, STM32WBA55UGI7TR, STM32WBA5MMGH6TR, STM32WBA62MGF6, STM32WBA62MIF6, STM32WBA65MGF7, STM32WBA65MIF6, STM32WBA65MIF7, STM32WL30K8V6, STM32WL30KBV6, STM32WL31C8V6, STM32WL31CBV6, STM32WL31K8V6, STM32WL31KBV6, STM32WL33C8V6, STM32WL33C8V6X, STM32WL33CBV6, STM32WL33CBV6X, STM32WL33CCV6, STM32WL33CCV6A, STM32WL33CCV6X, STM32WL33K8V7, STM32WL33K8V7X, STM32WL33KBV7 , STM32WL33KBV7X, STM32WL33KCV7, STM32WL33KCV7X, STM32WL5MOCH6, STM32WL5MOCH6TR]
2026-06-10 13:09:19,379 [INFO] ApiDb:668 - CubeFinder database Data Model version=2.1
2026-06-10 13:09:19,380 [INFO] ApiDb:669 - CubeFinder database Configuration version=3.0.42
2026-06-10 13:09:19,380 [INFO] ApiDb:670 - CubeFinder database generation date=2026-05-14 (1778746352)
2026-06-10 13:09:19,380 [INFO] ApiDb:671 - CubeFinder database FW Pack versions=[FP-ATR-ASTRA1_V2.0.0, FP-SNS-FLIGHT1_V5.1.0, FP-SNS-MOTENV1_V5.1.0, FP-SNS-MOTENVWB1_V1.5.0, FP-SNS-SMARTAG2_V1.2.0, FP-SNS-STBOX1_V2.1.0, STM32Cube_FW_C0_V1.4.0, STM32Cube_FW_F4_V1.28.3, STM32Cube_FW_F7_V1.17.4, STM32Cube_FW_G0_V1.6.3, STM32Cube_FW_G4_V1.6.2, STM32Cube_FW_H5_V1.6.0, STM32Cube_FW_H7RS_V1.3.0, STM32Cube_FW_H7_V1.13.0, STM32Cube_FW_L0_V1.12.2, STM32Cube_FW_L4_V1.18.2, STM32Cube_FW_L5_V1.6.0, STM32Cube_FW_N6_V1.3.0, STM32Cube_FW_U0_V1.3.0, STM32Cube_FW_U3_V1.3.0, STM32Cube_FW_U5_V1.8.0, STM32Cube_FW_WB0_V1.4.0, STM32Cube_FW_WBA_V1.9.0, STM32Cube_FW_WB_V1.24.0, STM32Cube_FW_WL3_V1.4.0, STM32Cube_FW_WL_V1.5.0, X-CUBE-ALGOBUILD_V1.4.0, X-CUBE-ALS_V1.0.2, X-CUBE-AZRTOS-F4_V1.1.0, X-CUBE-AZRTOS-F7_V1.1.0, X-CUBE-AZRTOS-G0_V1.1.0, X-CUBE-AZRTOS-G4_V2.0.0, X-CUBE-AZRTOS-H7RS_V1.1.0, X-CUBE-AZRTOS-H7_V3.5.0, X-CUBE-AZRTOS-L4_V2.0.0, X-CUBE-AZRTOS-L5_V2.0.0, X-CUBE-AZRTOS-WB_V2.0.0, X-CUBE-AZRTOS-WL_V2.0.0, X-CUBE-BLE1_V7.1.0, X-CUBE-BLE2_V3.3.0, X-CUBE-BLEMGR_V4.1.0, X-CUBE-EEPRMA1_V5.2.0, X-CUBE-FREERTOS_V1.5.0, X-CUBE-GNSS1_V7.1.1, X-CUBE-MEMS1_V12.1.0, X-CUBE-NFC4_V3.0.0, X-CUBE-NFC7_V2.0.0, X-CUBE-SFXS2LP1_V4.0.0, X-CUBE-ST67W61_V1.3.0, X-CUBE-SUBG2_V5.0.0, X-CUBE-TOF1_V3.4.3]
2026-06-10 13:09:20,909 [INFO] ApiDb:240 - Found 880 in-development CPN: [B-G473E-ZEST1S, B-WB1M-WPAN1, B-WBA5M-WPAN, B-WL5M-SUBG1, NUCLEO-C031C6, NUCLEO-C051C8, NUCLEO-C071RB, NUCLEO-C092RC, NUCLEO-H503RB, NUCLEO-H533RE, NUCLEO-H563ZI, NUCLEO-H7S3L8, NUCLEO-N657X0-Q, NUCLEO-U031R8, NUCLEO-U083RC, NUCLEO-U385RG-Q, NUCLEO-U545RE-Q, NUCLEO-U5A5ZJ-Q, NUCLEO-WB05KZ, NUCLEO-WB07CC, NUCLEO-WB09KE, NUCLEO-WBA52CG, NUCLEO-WBA55CG, NUCLEO-WL33CC1, NUCLEO-WL33CC2, STEVAL-PROTEUS1, STEVAL-SMARTAG2, STEVAL-STWINBX1, STM320518-EVAL, STM32C0116-DK, STM32C011D6Y3TR, STM32C011D6Y6TR, STM32C011F4P3, STM32C011F4P6, STM32C011F4U3, STM32C011F4U6TR, STM32C011F6P3, STM32C011F6P6, STM32C011F6U3, STM32C011F6U6TR, STM32C011J4M3, STM32C011J4M6, STM32C011J6M3, STM32C011J6M6, STM32C0316-DK, STM32C031C4T3, STM32C031C4T6, STM32C031C4U3, STM32C031C4U6, STM32C031C6T3, STM32C031C6T6, STM32C031C6U3, STM32C031C6U6, STM32C031F4P3, STM32C031F4P6, STM32C031F6P3, STM32C031F6P6, STM32C031G4U3, STM32C031G4U6, STM32C031G6U3, STM32C031G6U6, STM32C031K4T3, STM32C031K4T6, STM32C031K4U3, STM32C031K4U6, STM32C031K6T3, STM32C031K6T6, STM32C031K6U3, STM32C031K6U6, STM32C051C6T6, STM32C051C6U6, STM32C051C8T6, STM32C051C8U6, STM32C051D8Y6TR, STM32C051F6P6, STM32C051F8P6, STM32C051G6U6, STM32C051G8U6, STM32C051K6T6, STM32C051K6U6, STM32C051K8T6, STM32C071C8T6, STM32C071C8T6N, STM32C071C8U6, STM32C071C8U6N, STM32C071CBT6, STM32C071CBT6N, STM32C071CBU6, STM32C071CBU6N, STM32C071F8P6, STM32C071F8P6N, STM32C071FBP6, STM32C071FBP6N, STM32C071FBY6TR, STM32C071G8U6, STM32C071G8U6N, STM32C071GBU6, STM32C071GBU6N, STM32C071K8T6, STM32C071K8T6N, STM32C071K8U6, STM32C071K8U6N, STM32C071KBT6, STM32C071KBT6N, STM32C071KBU6, STM32C071KBU6N, STM32C071R8T6, STM32C071R8T6N, STM32C071RBI6N, STM32C071RBT6, STM32C071RBT6N, STM32C091CBT6, STM32C091CBU6, STM32C091CCT6, STM32C091CCU6, STM32C091ECY6TR, STM32C091FBP6, STM32C091FCP6, STM32C091GBU6, STM32C091GCU6, STM32C091KBT6, STM32C091KBU6, STM32C091KCT6, STM32C091KCU6, STM32C091RBT6, STM32C091RCI6, STM32C091RCT6, STM32C092CBT6, STM32C092CBU6, STM32C092CCT6, STM32C092CCU6, STM32C092ECY6TR, STM32C092FBP6, STM32C092FCP6, STM32C092GBU6, STM32C092GCU6, STM32C092KBT6, STM32C092KBU6, STM32C092KCT6, STM32C092KCU6, STM32C092RBT6, STM32C092RCI6, STM32C092RCT6, STM32G071K8TXN, STM32G071K8UXN, STM32G081GBU6N, STM32G081KBT6N, STM32G081KBUXN, STM32G0B1CCT6N, STM32G0B1KCT6, STM32G0B1NEY6TR, STM32G0B1RCT6N, STM32G0C1CCT6, STM32G0C1CCT6N, STM32G0C1CCU6N, STM32G0C1CET6N, STM32G0C1CEU6N, STM32G0C1KCT6, STM32G0C1NEY6TR, STM32G0C1RCI6N, STM32G0C1RCT6N, STM32G0C1REI6N, STM32G0C1RET6N, STM32G0C1VCI6, STM32G0C1VEI6, STM32G411C6T3, STM32G411C6T6, STM32G411C6U3, STM32G411C6U6, STM32G411C8T3, STM32G411C8T6, STM32G411C8U3, STM32G411C8U6, STM32G411CBT3, STM32G411CBT6, STM32G411CBU3, STM32G411CBU6, STM32G411K6T3, STM32G411K6T6, STM32G411K6U3, STM32G411K6U6, STM32G411K8T3, STM32G411K8T6, STM32G411K8U3, STM32G411K8U6, STM32G411KBT3, STM32G411KBT6, STM32G411KBU3, STM32G411KBU6, STM32G411M6T3, STM32G411M6T6, STM32G411M8T3, STM32G411M8T6, STM32G411MBT3, STM32G411MBT6, STM32G411R6T3, STM32G411R6T6, STM32G411R8T3, STM32G411R8T6, STM32G411RBT3, STM32G411RBT6, STM32G414CBT3, STM32G414CBT6, STM32G414CBU3, STM32G414CBU6, STM32G414CCT3, STM32G414CCT6, STM32G414CCU3, STM32G414CCU6, STM32G414MBT3, STM32G414MBT6, STM32G414MCT3, STM32G414MCT6, STM32G414RBT3, STM32G414RBT6, STM32G414RCT3, STM32G414RCT6, STM32G414VBT3, STM32G414VBT6, STM32G414VCT3, STM32G414VCT6, STM32G431CBT3Z, STM32G431RBT3Z, STM32G471CCT6, STM32G471CCU6, STM32G471CET3, STM32G471CET6, STM32G471CEU3, STM32G471CEU6, STM32G471MCT6, STM32G471MET3, STM32G471MET6, STM32G471MEY6TR, STM32G471QCT6, STM32G471QET3, STM32G471RCT6, STM32G471RET3, STM32G471RET6, STM32G471VCH6, STM32G471VCI6, STM32G471VCT6, STM32G471VEH3, STM32G471VEH6, STM32G471VEI3, STM32G471VEI6, STM32G471VET3, STM32G471VET6, STM32G473QET3Z, STM32G473RET3Z, STM32G474CCT6, STM32G491RET3Z, STM32H503CBT6, STM32H503CBU6, STM32H503EBY6TR, STM32H503KBU6, STM32H503RBT6, STM32H523CCT6, STM32H523CCU6, STM32H523CET6, STM32H523CEU6, STM32H523HEY6TR, STM32H523RCT6, STM32H523RET6, STM32H523VCI6, STM32H523VCT6, STM32H523VEI6, STM32H523VET6, STM32H523ZCJ6, STM32H523ZCT6, STM32H523ZEJ6, STM32H523ZET6, STM32H533CET6, STM32H533CEU6, STM32H533HEY6TR, STM32H533RET6, STM32H533VEI6, STM32H533VET6, STM32H533ZEJ6, STM32H533ZET6, STM32H562AGI6, STM32H562AII6, STM32H562IGK6, STM32H562IGT6, STM32H562IIK6, STM32H562IIT6, STM32H562RGT6, STM32H562RGV6, STM32H562RIT6, STM32H562RIV6, STM32H562VGT6, STM32H562VIT6, STM32H562ZGT6, STM32H562ZIT6, STM32H563AGI6, STM32H563AII3Q, STM32H563AII6, STM32H563IGK6, STM32H563IGT6, STM32H563IIK3Q, STM32H563IIK6, STM32H563IIT3Q, STM32H563IIT6, STM32H563MIY3QTR, STM32H563RGT6, STM32H563RGV6, STM32H563RIT6, STM32H563RIV6, STM32H563VGT6, STM32H563VIT3Q, STM32H563VIT6, STM32H563ZGT6, STM32H563ZIT3Q, STM32H563ZIT6, STM32H573AII3Q, STM32H573AII6, STM32H573I-DK, STM32H573IIK3Q, STM32H573IIK6, STM32H573IIT3Q, STM32H573IIT6, STM32H573MIY3QTR, STM32H573RIT6, STM32H573RIV6, STM32H573VIT3Q, STM32H573VIT6, STM32H573ZIT3Q, STM32H573ZIT6, STM32H7R3A8I6, STM32H7R3I8K6, STM32H7R3I8T6, STM32H7R3L8H6, STM32H7R3L8H6H, STM32H7R3R8V6, STM32H7R3V8H6, STM32H7R3V8T6, STM32H7R3V8Y6TR, STM32H7R3Z8J6, STM32H7R3Z8T6, STM32H7R7A8I6, STM32H7R7I8K6, STM32H7R7I8T6, STM32H7R7L8H6, STM32H7R7L8H6H, STM32H7R7Z8J6, STM32H7S3A8I6, STM32H7S3I8K6, STM32H7S3I8T6, STM32H7S3L8H6, STM32H7S3L8H6H, STM32H7S3R8V6, STM32H7S3V8H6, STM32H7S3V8T6, STM32H7S3V8Y6TR, STM32H7S3Z8J6, STM32H7S3Z8T6, STM32H7S78-DK, STM32H7S7A8I6, STM32H7S7I8K6, STM32H7S7I8T6, STM32H7S7L8H6, STM32H7S7L8H6H, STM32H7S7Z8J6, STM32L4R5QGI6STR, STM32MP131AAE3, STM32MP131AAF3, STM32MP131AAG3, STM32MP131CAE3, STM32MP131CAF3, STM32MP131CAG3, STM32MP131DAE7, STM32MP131DAF7, STM32MP131DAG7, STM32MP131FAE7, STM32MP131FAF7, STM32MP131FAG7, STM32MP133AAE3, STM32MP133AAF3, STM32MP133AAG3, STM32MP133CAE3, STM32MP133CAF3, STM32MP133CAG3, STM32MP133DAE7, STM32MP133DAF7, STM32MP133DAG7, STM32MP133FAE7, STM32MP133FAF7, STM32MP133FAG7, STM32MP135AAE3, STM32MP135AAF3, STM32MP135AAG3, STM32MP135CAE3, STM32MP135CAF3, STM32MP135CAG3, STM32MP135DAE7, STM32MP135DAF7, STM32MP135DAG7, STM32MP135F-DK, STM32MP135FAE7, STM32MP135FAF7, STM32MP135FAF7T, STM32MP135FAF7U, STM32MP135FAG7, STM32MP211AAL3, STM32MP211AAM3, STM32MP211AAN3, STM32MP211AAO3, STM32MP211CAL3, STM32MP211CAM3, STM32MP211CAN3, STM32MP211CAO3, STM32MP211DAL3, STM32MP211DAM3, STM32MP211DAN3, STM32MP211DAO3, STM32MP211FAL3, STM32MP211FAM3, STM32MP211FAN3, STM32MP211FAO3, STM32MP213AAL3, STM32MP213AAM3, STM32MP213AAN3, STM32MP213AAO3, STM32MP213CAL3, STM32MP213CAM3, STM32MP213CAN3, STM32MP213CAO3, STM32MP213DAL3, STM32MP213DAM3, STM32MP213DAN3, STM32MP213DAO3, STM32MP213FAL3, STM32MP213FAM3, STM32MP213FAN3, STM32MP213FAO3, STM32MP215AAL3, STM32MP215AAM3, STM32MP215AAN3, STM32MP215AAO3, STM32MP215CAL3, STM32MP215CAM3, STM32MP215CAN3, STM32MP215CAO3, STM32MP215DAL3, STM32MP215DAM3, STM32MP215DAN3, STM32MP215DAO3, STM32MP215F-DK, STM32MP215FAL3, STM32MP215FAM3, STM32MP215FAN3, STM32MP215FAO3, STM32MP231AAJ3, STM32MP231AAK3, STM32MP231AAL3, STM32MP231CAJ3, STM32MP231CAK3, STM32MP231CAL3, STM32MP231DAJ3, STM32MP231DAK3, STM32MP231DAL3, STM32MP231FAJ3, STM32MP231FAK3, STM32MP231FAL3, STM32MP233AAJ3, STM32MP233AAK3, STM32MP233AAL3, STM32MP233CAJ3, STM32MP233CAK3, STM32MP233CAL3, STM32MP233DAJ3, STM32MP233DAK3, STM32MP233DAL3, STM32MP233FAJ3, STM32MP233FAK3, STM32MP233FAL3, STM32MP235AAJ3, STM32MP235AAK3, STM32MP235AAL3, STM32MP235CAJ3, STM32MP235CAK3, STM32MP235CAL3, STM32MP235DAJ3, STM32MP235DAK3, STM32MP235DAL3, STM32MP235FAJ3, STM32MP235FAK3, STM32MP235FAL3, STM32MP251AAI3, STM32MP251AAK3, STM32MP251AAL3, STM32MP251CAI3, STM32MP251CAK3, STM32MP251CAL3, STM32MP251DAI3, STM32MP251DAK3, STM32MP251DAL3, STM32MP251FAI3, STM32MP251FAK3, STM32MP251FAL3, STM32MP253AAI3, STM32MP253AAK3, STM32MP253AAL3, STM32MP253CAI3, STM32MP253CAK3, STM32MP253CAL3, STM32MP253DAI3, STM32MP253DAK3, STM32MP253DAL3, STM32MP253FAI3, STM32MP253FAK3, STM32MP253FAL3, STM32MP255AAI3, STM32MP255AAK3, STM32MP255AAL3, STM32MP255CAI3, STM32MP255CAK3, STM32MP255CAL3, STM32MP255DAI3, STM32MP255DAK3, STM32MP255DAL3, STM32MP255FAI3, STM32MP255FAK3, STM32MP255FAL3, STM32MP257AAI3, STM32MP257AAK3, STM32MP257AAL3, STM32MP257CAI3, STM32MP257CAK3, STM32MP257CAL3, STM32MP257DAI3, STM32MP257DAK3, STM32MP257DAL3, STM32MP257F-DK, STM32MP257F-EV1, STM32MP257FAI3, STM32MP257FAK3, STM32MP257FAL3, STM32N645A0H3Q, STM32N645B0H3Q, STM32N645I0H3Q, STM32N645L0H3Q, STM32N645X0H3Q, STM32N645Z0H3Q, STM32N647A0H3Q, STM32N647B0H3Q, STM32N647I0H3Q, STM32N647L0H3Q, STM32N647X0H3Q, STM32N647Z0H3Q, STM32N655A0H3Q, STM32N655B0H3Q, STM32N655I0H3Q, STM32N655L0H3Q, STM32N655X0H3Q, STM32N655Z0H3Q, STM32N6570-DK, STM32N657A0H3Q, STM32N657B0H3Q, STM32N657I0H3Q, STM32N657L0H3Q, STM32N657X0H3Q, STM32N657Z0H3Q, STM32U031C6T6, STM32U031C6U6, STM32U031C8T6, STM32U031C8U6, STM32U031F4P6, STM32U031F6P6, STM32U031F8P6, STM32U031G6Y6TR, STM32U031G8Y6TR, STM32U031K4U6, STM32U031K6U6, STM32U031K8U6, STM32U031R6I6, STM32U031R6T6, STM32U031R8I6, STM32U031R8T6, STM32U073C8T6, STM32U073C8U6, STM32U073CBT6, STM32U073CBU6, STM32U073CCT6, STM32U073CCU6, STM32U073H8Y6TR, STM32U073HBY6TR, STM32U073HCY6TR, STM32U073K8U6, STM32U073KBU6, STM32U073KCU6, STM32U073M8I6, STM32U073M8T6, STM32U073MBI6, STM32U073MBT6, STM32U073MCI6, STM32U073MCT6, STM32U073R8I6, STM32U073R8T6, STM32U073RBI6, STM32U073RBT6, STM32U073RCI6, STM32U073RCT6, STM32U083C-DK, STM32U083CCT6, STM32U083CCU6, STM32U083HCY6TR, STM32U083KCU6, STM32U083MCI6, STM32U083MCT6, STM32U083RCI6, STM32U083RCT6, STM32U375CET6, STM32U375CET6Q, STM32U375CEU6, STM32U375CEU6Q, STM32U375CEY6QTR, STM32U375CGT6, STM32U375CGT6Q, STM32U375CGU6, STM32U375CGU6Q, STM32U375CGY6QTR, STM32U375KEU6, STM32U375KGU6, STM32U375REI6, STM32U375REI6Q, STM32U375RET6, STM32U375RET6Q, STM32U375REY6GTR, STM32U375REY6QTR, STM32U375RGI6, STM32U375RGI6Q, STM32U375RGT6, STM32U375RGT6Q, STM32U375RGY6GTR, STM32U375RGY6QTR, STM32U375VEI6, STM32U375VEI6Q, STM32U375VET6, STM32U375VET6Q, STM32U375VGI6, STM32U375VGI6Q, STM32U375VGT6, STM32U375VGT6Q, STM32U385CGT6, STM32U385CGT6Q, STM32U385CGU6, STM32U385CGU6Q, STM32U385CGY6QTR, STM32U385KGU6, STM32U385RGI6, STM32U385RGI6Q, STM32U385RGT6, STM32U385RGT6Q, STM32U385RGY6GTR, STM32U385RGY6QTR, STM32U385VGI6, STM32U385VGI6Q, STM32U385VGT6, STM32U385VGT6Q, STM32U535CBT6, STM32U535CBT6Q, STM32U535CBU6, STM32U535CBU6Q, STM32U535CCT6, STM32U535CCT6Q, STM32U535CCU6, STM32U535CCU6Q, STM32U535CET6, STM32U535CET6Q, STM32U535CEU6, STM32U535CEU6Q, STM32U535JEY6QTR, STM32U535NCY6QTR, STM32U535NEY6QTR, STM32U535RBI6, STM32U535RBI6Q, STM32U535RBT6, STM32U535RBT6Q, STM32U535RCI6, STM32U535RCI6Q, STM32U535RCT6, STM32U535RCT6Q, STM32U535REI6, STM32U535REI6Q, STM32U535RET6, STM32U535RET6Q, STM32U535VCI6, STM32U535VCI6Q, STM32U535VCT6, STM32U535VCT6Q, STM32U535VEI6, STM32U535VEI6Q, STM32U535VET6, STM32U535VET6Q, STM32U545CET6, STM32U545CET6Q, STM32U545CEU6, STM32U545CEU6Q, STM32U545JEY6QTR, STM32U545NEY6QTR, STM32U545REI6, STM32U545REI6Q, STM32U545RET6, STM32U545RET6Q, STM32U545VEI6, STM32U545VEI6Q, STM32U545VET6, STM32U545VET6Q, STM32U595AIH6, STM32U595AIH6Q, STM32U595AJH6, STM32U595AJH6Q, STM32U595QII6, STM32U595QII6Q, STM32U595QJI6, STM32U595QJI6Q, STM32U595RIT6, STM32U595RIT6Q, STM32U595RJT6, STM32U595RJT6Q, STM32U595VIT6, STM32U595VIT6Q, STM32U595VJT6, STM32U595VJT6Q, STM32U595ZIT6, STM32U595ZIT6Q, STM32U595ZIY6QTR, STM32U595ZJT6, STM32U595ZJT6Q, STM32U595ZJY6QTR, STM32U599BJY6QTR, STM32U599NIH6Q, STM32U599NJH6Q, STM32U599VIT6Q, STM32U599VJT6, STM32U599VJT6Q, STM32U599ZIT6Q, STM32U599ZIY6QTR, STM32U599ZJT6Q, STM32U599ZJY6QTR, STM32U5A5AJH6, STM32U5A5AJH6Q, STM32U5A5QII3Q , STM32U5A5QJI6, STM32U5A5QJI6Q, STM32U5A5RJT6, STM32U5A5RJT6Q, STM32U5A5VJT6, STM32U5A5VJT6Q, STM32U5A5ZJT6, STM32U5A5ZJT6Q, STM32U5A5ZJY6QTR, STM32U5A9BJY6QTR, STM32U5A9J-DK, STM32U5A9NJH6Q, STM32U5A9VJT6Q, STM32U5A9ZJT6Q, STM32U5A9ZJY6QTR, STM32U5F7VIT6, STM32U5F7VIT6Q, STM32U5F7VJT6, STM32U5F7VJT6Q, STM32U5F9BJY6QTR, STM32U5F9NJH6Q, STM32U5F9VIT6Q, STM32U5F9VJT6Q, STM32U5F9ZIJ6QTR, STM32U5F9ZIT6Q, STM32U5F9ZJJ6QTR, STM32U5F9ZJT6Q, STM32U5G7VJT6, STM32U5G7VJT6Q, STM32U5G9BJY6QTR, STM32U5G9J-DK1, STM32U5G9J-DK2, STM32U5G9NJH6Q, STM32U5G9VJT6Q, STM32U5G9ZJJ6QTR, STM32U5G9ZJT6Q, STM32WB05KZV6TR, STM32WB05KZV7TR, STM32WB05TZF6TR, STM32WB05TZF7TR, STM32WB06CCF6TR, STM32WB06CCF7TR, STM32WB06CCV6TR, STM32WB06CCV7TR, STM32WB06KCV6TR, STM32WB06KCV7TR, STM32WB07CCF6TR, STM32WB07CCF7TR, STM32WB07CCV6TR, STM32WB07CCV7TR, STM32WB07KCV6TR, STM32WB07KCV7TR, STM32WB09KEV6TR, STM32WB09KEV7TR, STM32WB09TEF6TR, STM32WB09TEF7TR, STM32WB1MMCH6, STM32WBA50KGU6, STM32WBA50KGU6TR, STM32WBA52CEU6, STM32WBA52CEU6TR, STM32WBA52CEU7, STM32WBA52CEU7TR, STM32WBA52CGU6, STM32WBA52CGU6TR, STM32WBA52CGU6U, STM32WBA52CGU7, STM32WBA52CGU7TR, STM32WBA52KEU6, STM32WBA52KEU6TR, STM32WBA52KGU6, STM32WBA52KGU6TR, STM32WBA54CEU6, STM32WBA54CEU6TR, STM32WBA54CEU7, STM32WBA54CEU7TR, STM32WBA54CGU6, STM32WBA54CGU6TR, STM32WBA54CGU7, STM32WBA54CGU7TR, STM32WBA54KEU6, STM32WBA54KEU6TR, STM32WBA54KEU7, STM32WBA54KEU7TR, STM32WBA54KGU6, STM32WBA54KGU6TR, STM32WBA54KGU7, STM32WBA54KGU7TR, STM32WBA55CEU6, STM32WBA55CEU6TR, STM32WBA55CEU7, STM32WBA55CEU7TR, STM32WBA55CGU6, STM32WBA55CGU6TR, STM32WBA55CGU6U, STM32WBA55CGU7, STM32WBA55CGU7TR, STM32WBA55G-DK1, STM32WBA55HEF6, STM32WBA55HEF7, STM32WBA55HGF6, STM32WBA55HGF7, STM32WBA55UEI6, STM32WBA55UEI6TR, STM32WBA55UEI7, STM32WBA55UEI7TR, STM32WBA55UGI6, STM32WBA55UGI6TR, STM32WBA55UGI7, STM32WBA55UGI7TR, STM32WBA5MMGH6TR, STM32WBA62MGF6, STM32WBA62MIF6, STM32WBA65MGF7, STM32WBA65MIF6, STM32WBA65MIF7, STM32WL30K8V6, STM32WL30KBV6, STM32WL31C8V6, STM32WL31CBV6, STM32WL31K8V6, STM32WL31KBV6, STM32WL33C8V6, STM32WL33C8V6X, STM32WL33CBV6, STM32WL33CBV6X, STM32WL33CCV6, STM32WL33CCV6A, STM32WL33CCV6X, STM32WL33K8V7, STM32WL33K8V7X, STM32WL33KBV7 , STM32WL33KBV7X, STM32WL33KCV7, STM32WL33KCV7X, STM32WL5MOCH6, STM32WL5MOCH6TR]
2026-06-10 13:09:20,924 [INFO] DbMcus:218 - Found 5086 MCUs, 4968 are supported
2026-06-10 13:09:20,925 [INFO] ApiDb:423 - Load user favorites file C:\Users\91953/.stm32cubeide/favorites.mcus.txt: 0 item(s)
2026-06-10 13:09:20,925 [INFO] ApiDb:427 - User favorites MCUs=[]
2026-06-10 13:09:20,925 [INFO] DbMcus:224 - Set 0 / 0 favorites MCUs
2026-06-10 13:09:21,319 [INFO] BoardInfo:889 - No configuration file found for board NUCLEO-H5E5ZJ
2026-06-10 13:09:21,321 [INFO] DbBoards:161 - Board is not supported: NUCLEO-H5E5ZJ
2026-06-10 13:09:21,373 [INFO] BoardInfo:889 - No configuration file found for board NUCLEO-U3C5ZI-Q
2026-06-10 13:09:21,374 [INFO] DbBoards:161 - Board is not supported: NUCLEO-U3C5ZI-Q
2026-06-10 13:09:21,394 [INFO] BoardInfo:889 - No configuration file found for board NUCLEO-WBA25CE1
2026-06-10 13:09:21,395 [INFO] DbBoards:161 - Board is not supported: NUCLEO-WBA25CE1
2026-06-10 13:09:21,403 [INFO] BoardInfo:889 - No configuration file found for board NUCLEO-WL3RKB1
2026-06-10 13:09:21,404 [INFO] DbBoards:161 - Board is not supported: NUCLEO-WL3RKB1
2026-06-10 13:09:21,405 [INFO] BoardInfo:889 - No configuration file found for board NUCLEO-WL3RKB2
2026-06-10 13:09:21,406 [INFO] DbBoards:161 - Board is not supported: NUCLEO-WL3RKB2
2026-06-10 13:09:21,413 [INFO] BoardInfo:889 - No configuration file found for board P-NUCLEO-WB55
2026-06-10 13:09:21,414 [INFO] DbBoards:161 - Kit is not supported: P-NUCLEO-WB55
2026-06-10 13:09:21,423 [INFO] BoardInfo:889 - No configuration file found for board STEVAL-BFA001V1B
2026-06-10 13:09:21,424 [INFO] DbBoards:161 - Kit is not supported: STEVAL-BFA001V1B
2026-06-10 13:09:21,426 [INFO] BoardInfo:889 - No configuration file found for board STEVAL-BFA001V2B
2026-06-10 13:09:21,426 [INFO] DbBoards:161 - Kit is not supported: STEVAL-BFA001V2B
2026-06-10 13:09:21,526 [INFO] BoardInfo:889 - No configuration file found for board STM32H5F5J-DK
2026-06-10 13:09:21,527 [INFO] DbBoards:161 - Board is not supported: STM32H5F5J-DK
2026-06-10 13:09:21,608 [INFO] DbBoards:168 - Found 218 boards, 209 are supported
2026-06-10 13:09:21,610 [INFO] DbBoards:169 - Found 218 boards, 43 of them is supported for  Bsp
2026-06-10 13:09:21,613 [INFO] ApiDb:423 - Load user favorites file C:\Users\91953/.stm32cubeide/favorites.boards.txt: 0 item(s)
2026-06-10 13:09:21,614 [INFO] ApiDb:427 - User favorites Boards=[]
2026-06-10 13:09:21,614 [INFO] DbBoards:198 - Set 0 / 0 favorites Boards
2026-06-10 13:09:21,683 [INFO] UtilMem:75 - End LoadConfig() Used Memory: 335010592 Bytes (559939584)
2026-06-10 13:09:21,784 [WARN] ThirdParty:833 - waiting for thirdparty lock release [change project]
2026-06-10 13:09:21,784 [INFO] ThirdParty:835 - entering critical section [change project]
2026-06-10 13:09:21,784 [INFO] ThirdParty:1030 - CMSIS Pack Vendor :STMicroelectronics X-CUBE-PM33A1 1.0.0
2026-06-10 13:09:21,784 [INFO] ThirdParty:1030 - CMSIS Pack Vendor :STMicroelectronics USBPD 4.1
2026-06-10 13:09:21,785 [INFO] ThirdParty:1030 - CMSIS Pack Vendor :STMicroelectronics X-CUBE-NFC9 1.0.0
2026-06-10 13:09:21,785 [INFO] ThirdParty:1030 - CMSIS Pack Vendor :STMicroelectronics USB_HOST 2.0.0
2026-06-10 13:09:21,785 [INFO] ThirdParty:1030 - CMSIS Pack Vendor :STMicroelectronics X-CUBE-AZRTOS-F4 1.1.0
2026-06-10 13:09:21,785 [INFO] ThirdParty:1030 - CMSIS Pack Vendor :STMicroelectronics LIBJPEG 8.0.0
2026-06-10 13:09:21,785 [INFO] ThirdParty:1030 - CMSIS Pack Vendor :STMicroelectronics FP-ATR-ASTRA1 2.0.2
2026-06-10 13:09:21,785 [INFO] ThirdParty:1030 - CMSIS Pack Vendor :STMicroelectronics X-CUBE-BLE1 7.1.0
2026-06-10 13:09:21,785 [INFO] ThirdParty:1030 - CMSIS Pack Vendor :STMicroelectronics USB_DEVICE 3.0.0
2026-06-10 13:09:21,785 [INFO] ThirdParty:1030 - CMSIS Pack Vendor :STMicroelectronics X-CUBE-ISPU 2.1.0
2026-06-10 13:09:21,785 [INFO] ThirdParty:1030 - CMSIS Pack Vendor :STMicroelectronics X-CUBE-AZRTOS-WB 2.0.0
2026-06-10 13:09:21,785 [INFO] ThirdParty:1030 - CMSIS Pack Vendor :STMicroelectronics X-CUBE-AZRTOS-F7 1.1.0
2026-06-10 13:09:21,785 [INFO] ThirdParty:1030 - CMSIS Pack Vendor :STMicroelectronics X-CUBE-AZRTOS-L5 2.0.0
2026-06-10 13:09:21,785 [INFO] ThirdParty:1030 - CMSIS Pack Vendor :STMicroelectronics USB_DEVICE 2.0.0
2026-06-10 13:09:21,785 [INFO] ThirdParty:1030 - CMSIS Pack Vendor :STMicroelectronics FreeRTOS 0.0.1
2026-06-10 13:09:21,785 [INFO] ThirdParty:1030 - CMSIS Pack Vendor :STMicroelectronics X-CUBE-AZRTOS-G0 1.1.0
2026-06-10 13:09:21,785 [INFO] ThirdParty:1030 - CMSIS Pack Vendor :STMicroelectronics X-CUBE-NFC4 3.0.0
2026-06-10 13:09:21,785 [INFO] ThirdParty:1030 - CMSIS Pack Vendor :STMicroelectronics X-CUBE-SUBG2 5.0.0
2026-06-10 13:09:21,785 [INFO] ThirdParty:1030 - CMSIS Pack Vendor :STMicroelectronics STM32_WPAN 1.0.0
2026-06-10 13:09:21,785 [INFO] ThirdParty:1030 - CMSIS Pack Vendor :EmbeddedOffice I-CUBE-FS-RTOS 1.0.1
2026-06-10 13:09:21,785 [INFO] ThirdParty:1030 - CMSIS Pack Vendor :STMicroelectronics lwIP 2.0.3
2026-06-10 13:09:21,785 [INFO] ThirdParty:1030 - CMSIS Pack Vendor :STMicroelectronics USB_HOST 1.0.0
2026-06-10 13:09:21,785 [INFO] ThirdParty:1030 - CMSIS Pack Vendor :STMicroelectronics X-CUBE-AZRTOS-G4 2.0.0
2026-06-10 13:09:21,785 [INFO] ThirdParty:1030 - CMSIS Pack Vendor :STMicroelectronics PDM2PCM 3.1.0
2026-06-10 13:09:21,785 [INFO] ThirdParty:1030 - CMSIS Pack Vendor :STMicroelectronics PDM2PCM 3.3.0
2026-06-10 13:09:21,785 [INFO] ThirdParty:1030 - CMSIS Pack Vendor :STMicroelectronics X-CUBE-DISPLAY 3.0.0
2026-06-10 13:09:21,785 [INFO] ThirdParty:1030 - CMSIS Pack Vendor :STMicroelectronics X-CUBE-NFC7 2.0.0
2026-06-10 13:09:21,785 [INFO] ThirdParty:1030 - CMSIS Pack Vendor :STMicroelectronics X-CUBE-TCPP 4.2.0
2026-06-10 13:09:21,785 [INFO] ThirdParty:1030 - CMSIS Pack Vendor :RealThread X-CUBE-RT-Thread_Nano 4.1.1
2026-06-10 13:09:21,785 [INFO] ThirdParty:1030 - CMSIS Pack Vendor :STMicroelectronics FP-ATR-SIGFOX1 3.2.0
2026-06-10 13:09:21,785 [INFO] ThirdParty:1030 - CMSIS Pack Vendor :STMicroelectronics X-CUBE-NFC10 1.0.0
2026-06-10 13:09:21,785 [INFO] ThirdParty:1030 - CMSIS Pack Vendor :STMicroelectronics HAL Drivers 0.0.0
2026-06-10 13:09:21,785 [INFO] ThirdParty:1030 - CMSIS Pack Vendor :STMicroelectronics MBEDTLS 2.16.2
2026-06-10 13:09:21,785 [INFO] ThirdParty:1030 - CMSIS Pack Vendor :STMicroelectronics X-CUBE-ALS 1.0.2
2026-06-10 13:09:21,785 [INFO] ThirdParty:1030 - CMSIS Pack Vendor :STMicroelectronics MBEDTLS 2.14.1
2026-06-10 13:09:21,785 [INFO] ThirdParty:1030 - CMSIS Pack Vendor :STMicroelectronics ThreadX 1.0.0
2026-06-10 13:09:21,785 [INFO] ThirdParty:1030 - CMSIS Pack Vendor :STMicroelectronics FP-SNS-SMARTAG2 1.2.0
2026-06-10 13:09:21,786 [INFO] ThirdParty:1030 - CMSIS Pack Vendor :STMicroelectronics FP-SNS-FLIGHT1 5.1.0
2026-06-10 13:09:21,786 [INFO] ThirdParty:1030 - CMSIS Pack Vendor :STMicroelectronics X-CUBE-AZRTOS-WL 2.0.0
2026-06-10 13:09:21,786 [INFO] ThirdParty:1030 - CMSIS Pack Vendor :SEGGER I-CUBE-embOS 1.3.1
2026-06-10 13:09:21,786 [INFO] ThirdParty:1030 - CMSIS Pack Vendor :STMicroelectronics X-CUBE-DPower 1.3.0
2026-06-10 13:09:21,786 [INFO] ThirdParty:1030 - CMSIS Pack Vendor :STMicroelectronics USB_DEVICE 1.0.0
2026-06-10 13:09:21,786 [INFO] ThirdParty:1030 - CMSIS Pack Vendor :STMicroelectronics X-CUBE-AZRTOS-L4 2.0.0
2026-06-10 13:09:21,786 [INFO] ThirdParty:1030 - CMSIS Pack Vendor :STMicroelectronics ThreadX 0.0.2
2026-06-10 13:09:21,786 [INFO] ThirdParty:1030 - CMSIS Pack Vendor :STMicroelectronics lwIP 2.1.2
2026-06-10 13:09:21,786 [INFO] ThirdParty:1030 - CMSIS Pack Vendor :STMicroelectronics X-CUBE-SFXS2LP1 4.0.0
2026-06-10 13:09:21,786 [INFO] ThirdParty:1030 - CMSIS Pack Vendor :STMicroelectronics X-CUBE-BLE2 3.3.0
2026-06-10 13:09:21,786 [INFO] ThirdParty:1030 - CMSIS Pack Vendor :STMicroelectronics X-CUBE-TOF1 3.4.3
2026-06-10 13:09:21,786 [INFO] ThirdParty:1030 - CMSIS Pack Vendor :STMicroelectronics PDM2PCM 3.2.0
2026-06-10 13:09:21,786 [INFO] ThirdParty:841 - exiting critical section [change project]
2026-06-10 13:09:22,035 [INFO] PinOutPanel:1589 - setPackage(No Configuration,No Configuration)
2026-06-10 13:09:22,036 [INFO] PinOutPanel:1589 - setPackage(STM32F103C8Tx,LQFP48)
2026-06-10 13:09:22,339 [INFO] UtilMem:75 - Before build in PCC Used Memory: 424763624 Bytes (559939584)
2026-06-10 13:09:23,005 [INFO] UtilMem:75 - After build in PCC Used Memory: 489073904 Bytes (559939584)
2026-06-10 13:09:23,038 [INFO] IPUIPlugin:80 - create IPUIPlugin
2026-06-10 13:09:23,039 [INFO] IPUIPlugin:80 - create IPUIPlugin
2026-06-10 13:09:23,039 [INFO] IPUIPlugin:80 - create IPUIPlugin
2026-06-10 13:09:23,039 [INFO] IPUIPlugin:80 - create IPUIPlugin
2026-06-10 13:09:23,039 [INFO] IPUIPlugin:80 - create IPUIPlugin
2026-06-10 13:09:23,039 [INFO] IPUIPlugin:80 - create IPUIPlugin
2026-06-10 13:09:23,039 [INFO] IPUIPlugin:80 - create IPUIPlugin
2026-06-10 13:09:23,039 [INFO] IPUIPlugin:80 - create IPUIPlugin
2026-06-10 13:09:23,039 [INFO] IPUIPlugin:80 - create IPUIPlugin
2026-06-10 13:09:23,039 [INFO] IPUIPlugin:80 - create IPUIPlugin
2026-06-10 13:09:23,040 [INFO] IPUIPlugin:80 - create IPUIPlugin
2026-06-10 13:09:23,040 [INFO] IPUIPlugin:80 - create IPUIPlugin
2026-06-10 13:09:23,040 [INFO] IPUIPlugin:80 - create IPUIPlugin
2026-06-10 13:09:23,040 [INFO] IPUIPlugin:80 - create IPUIPlugin
2026-06-10 13:09:23,040 [INFO] IPUIPlugin:80 - create IPUIPlugin
2026-06-10 13:09:23,040 [INFO] IPUIPlugin:80 - create IPUIPlugin
2026-06-10 13:09:23,040 [INFO] IPUIPlugin:80 - create IPUIPlugin
2026-06-10 13:09:23,040 [INFO] IPUIPlugin:80 - create IPUIPlugin
2026-06-10 13:09:23,040 [INFO] IPUIPlugin:80 - create IPUIPlugin
2026-06-10 13:09:23,040 [INFO] IPUIPlugin:80 - create IPUIPlugin
2026-06-10 13:09:23,040 [INFO] IPUIPlugin:80 - create IPUIPlugin
2026-06-10 13:09:23,041 [INFO] IPUIPlugin:80 - create IPUIPlugin
2026-06-10 13:09:23,041 [INFO] IPUIPlugin:80 - create IPUIPlugin
2026-06-10 13:09:23,041 [INFO] IPUIPlugin:80 - create IPUIPlugin
2026-06-10 13:09:23,042 [INFO] IPUIPlugin:80 - create IPUIPlugin
2026-06-10 13:09:23,042 [INFO] IPUIPlugin:80 - create IPUIPlugin
2026-06-10 13:09:23,042 [INFO] IPUIPlugin:80 - create IPUIPlugin
2026-06-10 13:09:23,253 [INFO] CADModel:165 - CPN selected for project levelSTM32F103C8T6
2026-06-10 13:09:23,253 [INFO] CADModel:114 - Register for checkConnection events
2026-06-10 13:09:23,312 [INFO] OpenFileManager:386 - Restore cursor
2026-06-10 13:10:00,718 [INFO] MainUpdater:2872 - connection check result : 10
2026-06-10 13:10:00,718 [INFO] MainUpdater:2872 - connection check result : 10
2026-06-10 13:10:00,729 [ERROR] IocParser:57 - IOException caught: C:\Users\91953\STM32CubeIDE\workspace_1.19.0\Day8_Lane_change\Day7_BlindSpot_ADAS.ioc (The system cannot find the file specified)
2026-06-10 13:10:00,741 [ERROR] RegexParser:59 - Issue caught when parsing regex: C:\Users\91953\STM32CubeIDE\workspace_1.19.0\Day8_Lane_change\Day7_BlindSpot_ADAS.ioc (The system cannot find the file specified)
2026-06-10 13:10:00,959 [INFO] MicroXplorer:468 - Change Database Path : 
2026-06-10 13:10:00,959 [INFO] MicroXplorer:498 - Change Database Version : DB.6.0.150
2026-06-10 13:10:01,001 [ERROR] ProjectManagerView:395 - 
java.lang.NullPointerException: Cannot invoke "javax.swing.JTextField.getText()" because the return value of "java.util.List.get(int)" is null
	at com.st.microxplorer.plugins.projectmanager.gui.ProjectChoiceTab$9.caretUpdate(ProjectChoiceTab.java:2706) ~[filemanager.jar:?]
	at javax.swing.text.JTextComponent.fireCaretUpdate(JTextComponent.java:408) ~[?:?]
	at javax.swing.text.JTextComponent$MutableCaretEvent.fire(JTextComponent.java:4484) ~[?:?]
	at javax.swing.text.JTextComponent$MutableCaretEvent.stateChanged(JTextComponent.java:4506) ~[?:?]
	at javax.swing.text.DefaultCaret.fireStateChanged(DefaultCaret.java:857) ~[?:?]
	at javax.swing.text.DefaultCaret.changeCaretPosition(DefaultCaret.java:1343) ~[?:?]
	at javax.swing.text.DefaultCaret.handleSetDot(DefaultCaret.java:1242) ~[?:?]
	at javax.swing.text.DefaultCaret.setDot(DefaultCaret.java:1223) ~[?:?]
	at javax.swing.text.DefaultCaret$Handler.insertUpdate(DefaultCaret.java:1819) ~[?:?]
	at javax.swing.text.AbstractDocument.fireInsertUpdate(AbstractDocument.java:227) ~[?:?]
	at javax.swing.text.AbstractDocument.handleInsertString(AbstractDocument.java:781) ~[?:?]
	at javax.swing.text.AbstractDocument.insertString(AbstractDocument.java:740) ~[?:?]
	at javax.swing.text.PlainDocument.insertString(PlainDocument.java:131) ~[?:?]
	at javax.swing.text.AbstractDocument.replace(AbstractDocument.java:699) ~[?:?]
	at javax.swing.text.JTextComponent.setText(JTextComponent.java:1725) ~[?:?]
	at com.st.microxplorer.plugins.projectmanager.gui.ProjectChoiceTab.createHeapStackFields(ProjectChoiceTab.java:993) ~[filemanager.jar:?]
	at com.st.microxplorer.plugins.projectmanager.gui.ProjectChoiceTab.buildLinkSettingsPanel(ProjectChoiceTab.java:3813) ~[filemanager.jar:?]
	at com.st.microxplorer.plugins.projectmanager.gui.ProjectChoiceTab.defineWindowsFields(ProjectChoiceTab.java:1987) ~[filemanager.jar:?]
	at com.st.microxplorer.plugins.projectmanager.gui.ProjectChoiceTab.updateSettings(ProjectChoiceTab.java:558) ~[filemanager.jar:?]
	at com.st.microxplorer.plugins.projectmanager.gui.ProjectSettingsPanel.UpdateDialog(ProjectSettingsPanel.java:247) ~[filemanager.jar:?]
	at com.st.microxplorer.plugins.projectmanager.ProjectManagerView.propertyChange(ProjectManagerView.java:392) ~[filemanager.jar:?]
	at java.beans.PropertyChangeSupport.fire(PropertyChangeSupport.java:343) ~[?:?]
	at java.beans.PropertyChangeSupport.firePropertyChange(PropertyChangeSupport.java:335) ~[?:?]
	at java.beans.PropertyChangeSupport.firePropertyChange(PropertyChangeSupport.java:268) ~[?:?]
	at com.st.microxplorer.util.MXPropertyChangeSupport.firePropertyChange(MXPropertyChangeSupport.java:54) ~[STM32CubeMX.jar:?]
	at com.st.microxplorer.mxsystem.MxSystem.closeConfig(MxSystem.java:899) ~[STM32CubeMX.jar:?]
	at com.st.microxplorer.maingui.MainPanel.closeConfig(MainPanel.java:792) ~[STM32CubeMX.jar:?]
	at com.st.microxplorer.plugins.filemanager.engine.OpenFileManager.loadConfigurationFile(OpenFileManager.java:288) ~[filemanager.jar:?]
	at com.st.microxplorer.plugins.filemanager.engine.MainFileManager.userLoadConfig(MainFileManager.java:364) ~[filemanager.jar:?]
	at com.st.microxplorer.plugins.filemanager.engine.MainFileManager.userLoadConfig(MainFileManager.java:342) ~[filemanager.jar:?]
	at com.st.microxplorer.plugins.filemanager.FileManagerView.getSpecificTask(FileManagerView.java:264) ~[filemanager.jar:?]
	at com.st.stm32cube.common.mx.editor.CubeMxEditor.getMxTabbedPaneInstance(CubeMxEditor.java:1198) ~[com.st.stm32cube.common.mx_6.15.0.202507011659/:?]
	at com.st.stm32cube.common.mx.editor.CubeMxEditor$12$1.createSwingComponent(CubeMxEditor.java:1068) ~[com.st.stm32cube.common.mx_6.15.0.202507011659/:?]
	at com.st.stm32cube.common.mx.oss.core.awtswtbridge.EmbeddedSwingComposite.doComponentCreation(EmbeddedSwingComposite.java:492) ~[com.st.stm32cube.common.mx.oss_6.15.0.202507011659/:?]
	at com.st.stm32cube.common.mx.oss.core.awtswtbridge.EmbeddedSwingComposite$4.run(EmbeddedSwingComposite.java:291) ~[com.st.stm32cube.common.mx.oss_6.15.0.202507011659/:?]
	at com.st.stm32cube.common.mx.oss.core.awtswtbridge.AwtEnvironment$2.run(AwtEnvironment.java:166) ~[com.st.stm32cube.common.mx.oss_6.15.0.202507011659/:?]
	at java.awt.event.InvocationEvent.dispatch(InvocationEvent.java:318) ~[?:?]
	at java.awt.EventQueue.dispatchEventImpl(EventQueue.java:773) ~[?:?]
	at java.awt.EventQueue$4.run(EventQueue.java:720) ~[?:?]
	at java.awt.EventQueue$4.run(EventQueue.java:714) ~[?:?]
	at java.security.AccessController.doPrivileged(AccessController.java:400) ~[?:?]
	at java.security.ProtectionDomain$JavaSecurityAccessImpl.doIntersectionPrivilege(ProtectionDomain.java:87) ~[?:?]
	at java.awt.EventQueue.dispatchEvent(EventQueue.java:742) ~[?:?]
	at java.awt.EventDispatchThread.pumpOneEventForFilters(EventDispatchThread.java:203) ~[?:?]
	at java.awt.EventDispatchThread.pumpEventsForFilter(EventDispatchThread.java:124) ~[?:?]
	at java.awt.EventDispatchThread.pumpEventsForHierarchy(EventDispatchThread.java:113) ~[?:?]
	at java.awt.EventDispatchThread.pumpEvents(EventDispatchThread.java:109) ~[?:?]
	at java.awt.EventDispatchThread.pumpEvents(EventDispatchThread.java:101) ~[?:?]
	at java.awt.EventDispatchThread.run(EventDispatchThread.java:90) ~[?:?]
2026-06-10 13:10:01,014 [WARN] ThirdParty:871 - waiting for thirdparty lock release [close project]
2026-06-10 13:10:01,014 [INFO] ThirdParty:873 - entering critical section [close project]
2026-06-10 13:10:01,014 [INFO] ThirdParty:883 - exiting critical section [close project]
2026-06-10 13:10:01,016 [INFO] PinOutPanel:1589 - setPackage(No Configuration,No Configuration)
2026-06-10 13:10:01,037 [INFO] UtilMem:75 - Begin LoadConfig() Used Memory: 1059447432 Bytes (1073741824)
2026-06-10 13:10:01,038 [INFO] MicroXplorer:468 - Change Database Path : 
2026-06-10 13:10:01,038 [INFO] MicroXplorer:498 - Change Database Version : DB.6.0.150
2026-06-10 13:10:01,038 [INFO] OpenFileManager:355 - Change cursor
2026-06-10 13:10:01,056 [INFO] Mcu:2029 - Initializing MCU STM32F103C(8-B)Tx STM32F103C8Tx STM32F103C8T6
2026-06-10 13:10:02,009 [INFO] Context:786 - Trying to add GPIOservice into a context  which must be forbidden
2026-06-10 13:10:02,188 [INFO] ImportTextPane:234 - (OptionalMessage_ERROR) Pin15 (VP_RIF_VS_RIF1) cannot be retrieved for this MCU
2026-06-10 13:10:02,230 [INFO] RtosManager:558 - Registered RTOS mode: class=CMSIS, group=RTOS, mode=CMSIS_V1, owner=FREERTOS
2026-06-10 13:10:02,230 [INFO] RtosManager:558 - Registered RTOS mode: class=CMSIS, group=RTOS2, mode=CMSIS_V2, owner=FREERTOS
2026-06-10 13:10:02,230 [INFO] RtosManager:558 - Registered RTOS mode: class=RTOS, group=Core, mode=CMSIS_V1, owner=FREERTOS
2026-06-10 13:10:02,230 [INFO] RtosManager:558 - Registered RTOS mode: class=RTOS, group=Core, mode=CMSIS_V2, owner=FREERTOS
2026-06-10 13:10:02,231 [WARN] ModelIntegratedComponent:184 - Missing modes for component STMicroelectronics:FreeRTOS:0.0.1:STMicroelectronics:RTOS:FreeRTOS:Core:::10.2.0:
2026-06-10 13:10:02,244 [WARN] ModelIntegratedComponent:63 - No mode defined for component null
2026-06-10 13:10:02,244 [WARN] ModelIntegratedComponent:63 - No mode defined for component null
2026-06-10 13:10:02,244 [WARN] ModelIntegratedComponent:63 - No mode defined for component null
2026-06-10 13:10:02,244 [WARN] ModelIntegratedComponent:63 - No mode defined for component null
2026-06-10 13:10:02,244 [WARN] ModelIntegratedComponent:63 - No mode defined for component null
2026-06-10 13:10:02,244 [WARN] ModelIntegratedComponent:63 - No mode defined for component null
2026-06-10 13:10:02,245 [WARN] ModelIntegratedComponent:63 - No mode defined for component null
2026-06-10 13:10:02,245 [WARN] ModelIntegratedComponent:63 - No mode defined for component null
2026-06-10 13:10:02,245 [WARN] ModelIntegratedComponent:63 - No mode defined for component null
2026-06-10 13:10:02,245 [WARN] ModelIntegratedComponent:63 - No mode defined for component null
2026-06-10 13:10:02,245 [WARN] ModelIntegratedComponent:63 - No mode defined for component null
2026-06-10 13:10:02,245 [WARN] ModelIntegratedComponent:63 - No mode defined for component null
2026-06-10 13:10:02,245 [WARN] ModelIntegratedComponent:63 - No mode defined for component null
2026-06-10 13:10:02,245 [WARN] ModelIntegratedComponent:63 - No mode defined for component null
2026-06-10 13:10:02,245 [WARN] ModelIntegratedComponent:63 - No mode defined for component null
2026-06-10 13:10:02,245 [WARN] ModelIntegratedComponent:63 - No mode defined for component null
2026-06-10 13:10:02,245 [WARN] ModelIntegratedComponent:63 - No mode defined for component null
2026-06-10 13:10:02,245 [WARN] ModelIntegratedComponent:63 - No mode defined for component null
2026-06-10 13:10:02,245 [WARN] ModelIntegratedComponent:63 - No mode defined for component null
2026-06-10 13:10:02,245 [WARN] ModelIntegratedComponent:63 - No mode defined for component null
2026-06-10 13:10:02,245 [WARN] ModelIntegratedComponent:63 - No mode defined for component null
2026-06-10 13:10:02,245 [WARN] ModelIntegratedComponent:63 - No mode defined for component null
2026-06-10 13:10:02,245 [WARN] ModelIntegratedComponent:63 - No mode defined for component null
2026-06-10 13:10:02,245 [WARN] ModelIntegratedComponent:63 - No mode defined for component null
2026-06-10 13:10:02,245 [WARN] ModelIntegratedComponent:63 - No mode defined for component null
2026-06-10 13:10:02,245 [WARN] ModelIntegratedComponent:63 - No mode defined for component null
2026-06-10 13:10:02,245 [WARN] ModelIntegratedComponent:63 - No mode defined for component null
2026-06-10 13:10:02,245 [WARN] ModelIntegratedComponent:63 - No mode defined for component null
2026-06-10 13:10:02,245 [WARN] ModelIntegratedComponent:63 - No mode defined for component null
2026-06-10 13:10:02,245 [WARN] ModelIntegratedComponent:63 - No mode defined for component null
2026-06-10 13:10:02,245 [WARN] ModelIntegratedComponent:63 - No mode defined for component null
2026-06-10 13:10:02,245 [WARN] ModelIntegratedComponent:63 - No mode defined for component null
2026-06-10 13:10:02,245 [WARN] ModelIntegratedComponent:63 - No mode defined for component null
2026-06-10 13:10:02,245 [WARN] ModelIntegratedComponent:63 - No mode defined for component null
2026-06-10 13:10:02,245 [WARN] ModelIntegratedComponent:63 - No mode defined for component null
2026-06-10 13:10:02,245 [WARN] ModelPack:524 - Component already loaded: STMicroelectronics:HAL Drivers:0.0.0:STMicroelectronics:Device:STMicro_Driver:XSPI:HAL::0.0.1:HAL_XSPI
2026-06-10 13:10:02,257 [INFO] ThirdPartyModel:298 - Start build external matchings
2026-06-10 13:10:02,298 [INFO] ThirdPartyModel:316 - End build external matchings
2026-06-10 13:10:02,488 [INFO] UtilMem:75 - End LoadConfig() Used Memory: 845738904 Bytes (1073741824)
2026-06-10 13:10:02,549 [WARN] ThirdParty:833 - waiting for thirdparty lock release [change project]
2026-06-10 13:10:02,549 [INFO] ThirdParty:835 - entering critical section [change project]
2026-06-10 13:10:02,549 [INFO] ThirdParty:1030 - CMSIS Pack Vendor :STMicroelectronics X-CUBE-PM33A1 1.0.0
2026-06-10 13:10:02,549 [INFO] ThirdParty:1030 - CMSIS Pack Vendor :STMicroelectronics USBPD 4.1
2026-06-10 13:10:02,549 [INFO] ThirdParty:1030 - CMSIS Pack Vendor :STMicroelectronics X-CUBE-NFC9 1.0.0
2026-06-10 13:10:02,549 [INFO] ThirdParty:1030 - CMSIS Pack Vendor :STMicroelectronics USB_HOST 2.0.0
2026-06-10 13:10:02,549 [INFO] ThirdParty:1030 - CMSIS Pack Vendor :STMicroelectronics X-CUBE-AZRTOS-F4 1.1.0
2026-06-10 13:10:02,549 [INFO] ThirdParty:1030 - CMSIS Pack Vendor :STMicroelectronics LIBJPEG 8.0.0
2026-06-10 13:10:02,549 [INFO] ThirdParty:1030 - CMSIS Pack Vendor :STMicroelectronics FP-ATR-ASTRA1 2.0.2
2026-06-10 13:10:02,549 [INFO] ThirdParty:1030 - CMSIS Pack Vendor :STMicroelectronics X-CUBE-BLE1 7.1.0
2026-06-10 13:10:02,549 [INFO] ThirdParty:1030 - CMSIS Pack Vendor :STMicroelectronics USB_DEVICE 3.0.0
2026-06-10 13:10:02,550 [INFO] ThirdParty:1030 - CMSIS Pack Vendor :STMicroelectronics X-CUBE-ISPU 2.1.0
2026-06-10 13:10:02,550 [INFO] ThirdParty:1030 - CMSIS Pack Vendor :STMicroelectronics X-CUBE-AZRTOS-WB 2.0.0
2026-06-10 13:10:02,550 [INFO] ThirdParty:1030 - CMSIS Pack Vendor :STMicroelectronics X-CUBE-AZRTOS-F7 1.1.0
2026-06-10 13:10:02,550 [INFO] ThirdParty:1030 - CMSIS Pack Vendor :STMicroelectronics X-CUBE-AZRTOS-L5 2.0.0
2026-06-10 13:10:02,550 [INFO] ThirdParty:1030 - CMSIS Pack Vendor :STMicroelectronics USB_DEVICE 2.0.0
2026-06-10 13:10:02,550 [INFO] ThirdParty:1030 - CMSIS Pack Vendor :STMicroelectronics FreeRTOS 0.0.1
2026-06-10 13:10:02,550 [INFO] ThirdParty:1030 - CMSIS Pack Vendor :STMicroelectronics X-CUBE-AZRTOS-G0 1.1.0
2026-06-10 13:10:02,550 [INFO] ThirdParty:1030 - CMSIS Pack Vendor :STMicroelectronics X-CUBE-NFC4 3.0.0
2026-06-10 13:10:02,550 [INFO] ThirdParty:1030 - CMSIS Pack Vendor :STMicroelectronics X-CUBE-SUBG2 5.0.0
2026-06-10 13:10:02,550 [INFO] ThirdParty:1030 - CMSIS Pack Vendor :STMicroelectronics STM32_WPAN 1.0.0
2026-06-10 13:10:02,550 [INFO] ThirdParty:1030 - CMSIS Pack Vendor :EmbeddedOffice I-CUBE-FS-RTOS 1.0.1
2026-06-10 13:10:02,550 [INFO] ThirdParty:1030 - CMSIS Pack Vendor :STMicroelectronics lwIP 2.0.3
2026-06-10 13:10:02,550 [INFO] ThirdParty:1030 - CMSIS Pack Vendor :STMicroelectronics USB_HOST 1.0.0
2026-06-10 13:10:02,550 [INFO] ThirdParty:1030 - CMSIS Pack Vendor :STMicroelectronics X-CUBE-AZRTOS-G4 2.0.0
2026-06-10 13:10:02,550 [INFO] ThirdParty:1030 - CMSIS Pack Vendor :STMicroelectronics PDM2PCM 3.1.0
2026-06-10 13:10:02,550 [INFO] ThirdParty:1030 - CMSIS Pack Vendor :STMicroelectronics PDM2PCM 3.3.0
2026-06-10 13:10:02,550 [INFO] ThirdParty:1030 - CMSIS Pack Vendor :STMicroelectronics X-CUBE-DISPLAY 3.0.0
2026-06-10 13:10:02,550 [INFO] ThirdParty:1030 - CMSIS Pack Vendor :STMicroelectronics X-CUBE-NFC7 2.0.0
2026-06-10 13:10:02,551 [INFO] ThirdParty:1030 - CMSIS Pack Vendor :STMicroelectronics X-CUBE-TCPP 4.2.0
2026-06-10 13:10:02,551 [INFO] ThirdParty:1030 - CMSIS Pack Vendor :RealThread X-CUBE-RT-Thread_Nano 4.1.1
2026-06-10 13:10:02,551 [INFO] ThirdParty:1030 - CMSIS Pack Vendor :STMicroelectronics FP-ATR-SIGFOX1 3.2.0
2026-06-10 13:10:02,551 [INFO] ThirdParty:1030 - CMSIS Pack Vendor :STMicroelectronics X-CUBE-NFC10 1.0.0
2026-06-10 13:10:02,551 [INFO] ThirdParty:1030 - CMSIS Pack Vendor :STMicroelectronics HAL Drivers 0.0.0
2026-06-10 13:10:02,551 [INFO] ThirdParty:1030 - CMSIS Pack Vendor :STMicroelectronics MBEDTLS 2.16.2
2026-06-10 13:10:02,551 [INFO] ThirdParty:1030 - CMSIS Pack Vendor :STMicroelectronics X-CUBE-ALS 1.0.2
2026-06-10 13:10:02,551 [INFO] ThirdParty:1030 - CMSIS Pack Vendor :STMicroelectronics MBEDTLS 2.14.1
2026-06-10 13:10:02,551 [INFO] ThirdParty:1030 - CMSIS Pack Vendor :STMicroelectronics ThreadX 1.0.0
2026-06-10 13:10:02,551 [INFO] ThirdParty:1030 - CMSIS Pack Vendor :STMicroelectronics FP-SNS-SMARTAG2 1.2.0
2026-06-10 13:10:02,551 [INFO] ThirdParty:1030 - CMSIS Pack Vendor :STMicroelectronics FP-SNS-FLIGHT1 5.1.0
2026-06-10 13:10:02,551 [INFO] ThirdParty:1030 - CMSIS Pack Vendor :STMicroelectronics X-CUBE-AZRTOS-WL 2.0.0
2026-06-10 13:10:02,551 [INFO] ThirdParty:1030 - CMSIS Pack Vendor :SEGGER I-CUBE-embOS 1.3.1
2026-06-10 13:10:02,551 [INFO] ThirdParty:1030 - CMSIS Pack Vendor :STMicroelectronics X-CUBE-DPower 1.3.0
2026-06-10 13:10:02,551 [INFO] ThirdParty:1030 - CMSIS Pack Vendor :STMicroelectronics USB_DEVICE 1.0.0
2026-06-10 13:10:02,551 [INFO] ThirdParty:1030 - CMSIS Pack Vendor :STMicroelectronics X-CUBE-AZRTOS-L4 2.0.0
2026-06-10 13:10:02,551 [INFO] ThirdParty:1030 - CMSIS Pack Vendor :STMicroelectronics ThreadX 0.0.2
2026-06-10 13:10:02,551 [INFO] ThirdParty:1030 - CMSIS Pack Vendor :STMicroelectronics lwIP 2.1.2
2026-06-10 13:10:02,551 [INFO] ThirdParty:1030 - CMSIS Pack Vendor :STMicroelectronics X-CUBE-SFXS2LP1 4.0.0
2026-06-10 13:10:02,551 [INFO] ThirdParty:1030 - CMSIS Pack Vendor :STMicroelectronics X-CUBE-BLE2 3.3.0
2026-06-10 13:10:02,551 [INFO] ThirdParty:1030 - CMSIS Pack Vendor :STMicroelectronics X-CUBE-TOF1 3.4.3
2026-06-10 13:10:02,551 [INFO] ThirdParty:1030 - CMSIS Pack Vendor :STMicroelectronics PDM2PCM 3.2.0
2026-06-10 13:10:02,551 [INFO] ThirdParty:841 - exiting critical section [change project]
2026-06-10 13:10:02,673 [INFO] PinOutPanel:1589 - setPackage(No Configuration,No Configuration)
2026-06-10 13:10:02,674 [INFO] PinOutPanel:1589 - setPackage(STM32F103C8Tx,LQFP48)
2026-06-10 13:10:03,039 [INFO] UtilMem:75 - Before build in PCC Used Memory: 617467648 Bytes (1073741824)
2026-06-10 13:10:03,284 [INFO] UtilMem:75 - After build in PCC Used Memory: 716033792 Bytes (1073741824)
2026-06-10 13:10:03,297 [INFO] IPUIPlugin:80 - create IPUIPlugin
2026-06-10 13:10:03,298 [INFO] IPUIPlugin:80 - create IPUIPlugin
2026-06-10 13:10:03,298 [INFO] IPUIPlugin:80 - create IPUIPlugin
2026-06-10 13:10:03,298 [INFO] IPUIPlugin:80 - create IPUIPlugin
2026-06-10 13:10:03,298 [INFO] IPUIPlugin:80 - create IPUIPlugin
2026-06-10 13:10:03,298 [INFO] IPUIPlugin:80 - create IPUIPlugin
2026-06-10 13:10:03,298 [INFO] IPUIPlugin:80 - create IPUIPlugin
2026-06-10 13:10:03,298 [INFO] IPUIPlugin:80 - create IPUIPlugin
2026-06-10 13:10:03,298 [INFO] IPUIPlugin:80 - create IPUIPlugin
2026-06-10 13:10:03,298 [INFO] IPUIPlugin:80 - create IPUIPlugin
2026-06-10 13:10:03,299 [INFO] IPUIPlugin:80 - create IPUIPlugin
2026-06-10 13:10:03,299 [INFO] IPUIPlugin:80 - create IPUIPlugin
2026-06-10 13:10:03,299 [INFO] IPUIPlugin:80 - create IPUIPlugin
2026-06-10 13:10:03,299 [INFO] IPUIPlugin:80 - create IPUIPlugin
2026-06-10 13:10:03,299 [INFO] IPUIPlugin:80 - create IPUIPlugin
2026-06-10 13:10:03,299 [INFO] IPUIPlugin:80 - create IPUIPlugin
2026-06-10 13:10:03,299 [INFO] IPUIPlugin:80 - create IPUIPlugin
2026-06-10 13:10:03,299 [INFO] IPUIPlugin:80 - create IPUIPlugin
2026-06-10 13:10:03,300 [INFO] IPUIPlugin:80 - create IPUIPlugin
2026-06-10 13:10:03,300 [INFO] IPUIPlugin:80 - create IPUIPlugin
2026-06-10 13:10:03,300 [INFO] IPUIPlugin:80 - create IPUIPlugin
2026-06-10 13:10:03,300 [INFO] IPUIPlugin:80 - create IPUIPlugin
2026-06-10 13:10:03,300 [INFO] IPUIPlugin:80 - create IPUIPlugin
2026-06-10 13:10:03,300 [INFO] IPUIPlugin:80 - create IPUIPlugin
2026-06-10 13:10:03,300 [INFO] IPUIPlugin:80 - create IPUIPlugin
2026-06-10 13:10:03,300 [INFO] IPUIPlugin:80 - create IPUIPlugin
2026-06-10 13:10:03,300 [INFO] IPUIPlugin:80 - create IPUIPlugin
2026-06-10 13:10:03,332 [INFO] CADModel:165 - CPN selected for project levelSTM32F103C8T6
2026-06-10 13:10:03,332 [INFO] CADModel:114 - Register for checkConnection events
2026-06-10 13:10:03,392 [INFO] OpenFileManager:386 - Restore cursor
2026-06-10 13:10:18,848 [ERROR] LogOutputStream:75 - [STDERR_REDIRECT] 
2026-06-10 13:11:22,065 [INFO] Activator:176 - 


2026-06-10 13:11:22,066 [INFO] Activator:177 - !SESSION log4j initialized
2026-06-10 13:11:25,573 [INFO] LogOutputStream:77 - [STDOUT_REDIRECT] 
2026-06-10 13:11:26,095 [INFO] ApplicationProperties:184 - Using Application install path: C:\ST\STM32CubeIDE_1.19.0\STM32CubeIDE\plugins\com.st.stm32cube.common.mx_6.15.0.202507011659
2026-06-10 13:11:26,106 [INFO] DbMcusXml:78 - Set database path to: C:\ST\STM32CubeIDE_1.19.0\STM32CubeIDE\plugins\com.st.stm32cube.common.mx_6.15.0.202507011659\\db\/mcu/
2026-06-10 13:11:26,106 [INFO] ApiDb:274 - Set plugin database path to: C:\ST\STM32CubeIDE_1.19.0\STM32CubeIDE\plugins\com.st.stm32cube.common.mx_6.15.0.202507011659\\db\/plugins/boardmanager/
2026-06-10 13:11:26,106 [WARN] ApiDb:259 - Overriding images path with different value:  => C:\ST\STM32CubeIDE_1.19.0\STM32CubeIDE\plugins\com.st.stm32cube.common.mx_6.15.0.202507011659\\db\/plugins/mcufinder/images/
2026-06-10 13:11:26,110 [INFO] ApiDb:250 - Set database path to: C:\Users\91953\.stmcufinder\plugins\mcufinder//mcu/
2026-06-10 13:11:26,112 [INFO] DbMcusAds:125 - Set database path to: C:\Users\91953\.stmcufinder\plugins\mcufinder//mcu/
2026-06-10 13:11:26,113 [INFO] CrossReferenceDbSqlite:203 - Set database path to: C:\Users\91953\.stmcufinder\plugins\mcufinder//mcu/cs/
2026-06-10 13:11:26,189 [INFO] RulesReader:64 - Compatibility file has been processed (317 Rules)
2026-06-10 13:11:26,246 [INFO] DbMcusXml:78 - Set database path to: C:\ST\STM32CubeIDE_1.19.0\STM32CubeIDE\plugins\com.st.stm32cube.common.mx_6.15.0.202507011659\\db\/mcu/
2026-06-10 13:11:26,246 [INFO] ApiDb:274 - Set plugin database path to: C:\ST\STM32CubeIDE_1.19.0\STM32CubeIDE\plugins\com.st.stm32cube.common.mx_6.15.0.202507011659\\db\/plugins/boardmanager/
2026-06-10 13:11:26,246 [INFO] ApiDb:261 - Set plugin images path to: C:\ST\STM32CubeIDE_1.19.0\STM32CubeIDE\plugins\com.st.stm32cube.common.mx_6.15.0.202507011659\\db\/plugins/mcufinder/images/
2026-06-10 13:11:26,246 [WARN] DbFile:41 - Overriding database path with different value: C:\Users\91953\.stmcufinder\plugins\mcufinder/ => C:\Users\91953\.stmcufinder\plugins\mcufinder
2026-06-10 13:11:26,246 [INFO] ApiDb:250 - Set database path to: C:\Users\91953\.stmcufinder\plugins\mcufinder//mcu/
2026-06-10 13:11:26,246 [WARN] DbFile:41 - Overriding database path with different value: C:\Users\91953\.stmcufinder\plugins\mcufinder/ => C:\Users\91953\.stmcufinder\plugins\mcufinder
2026-06-10 13:11:26,246 [INFO] DbMcusAds:125 - Set database path to: C:\Users\91953\.stmcufinder\plugins\mcufinder//mcu/
2026-06-10 13:11:26,246 [WARN] DbFile:41 - Overriding database path with different value: C:\Users\91953\.stmcufinder\plugins\mcufinder/ => C:\Users\91953\.stmcufinder\plugins\mcufinder
2026-06-10 13:11:26,246 [WARN] DbFile:41 - Overriding database path with different value: C:\Users\91953\.stmcufinder\plugins\mcufinder/ => C:\Users\91953\.stmcufinder\plugins\mcufinder
2026-06-10 13:11:26,246 [INFO] CrossReferenceDbSqlite:203 - Set database path to: C:\Users\91953\.stmcufinder\plugins\mcufinder//mcu/cs/
2026-06-10 13:11:26,301 [INFO] MainPanel:274 - HeapMemory: 268435456
2026-06-10 13:11:26,385 [INFO] DbMcusXml:78 - Set database path to: C:\ST\STM32CubeIDE_1.19.0\STM32CubeIDE\plugins\com.st.stm32cube.common.mx_6.15.0.202507011659\\db\/mcu/
2026-06-10 13:11:26,385 [INFO] ApiDb:274 - Set plugin database path to: C:\ST\STM32CubeIDE_1.19.0\STM32CubeIDE\plugins\com.st.stm32cube.common.mx_6.15.0.202507011659\\db\/plugins/boardmanager/
2026-06-10 13:11:26,385 [INFO] ApiDb:261 - Set plugin images path to: C:\ST\STM32CubeIDE_1.19.0\STM32CubeIDE\plugins\com.st.stm32cube.common.mx_6.15.0.202507011659\\db\/plugins/mcufinder/images/
2026-06-10 13:11:26,386 [WARN] DbFile:41 - Overriding database path with different value: C:\Users\91953\.stmcufinder\plugins\mcufinder/ => C:\Users\91953\.stmcufinder\plugins\mcufinder
2026-06-10 13:11:26,386 [INFO] ApiDb:250 - Set database path to: C:\Users\91953\.stmcufinder\plugins\mcufinder//mcu/
2026-06-10 13:11:26,386 [WARN] DbFile:41 - Overriding database path with different value: C:\Users\91953\.stmcufinder\plugins\mcufinder/ => C:\Users\91953\.stmcufinder\plugins\mcufinder
2026-06-10 13:11:26,386 [INFO] DbMcusAds:125 - Set database path to: C:\Users\91953\.stmcufinder\plugins\mcufinder//mcu/
2026-06-10 13:11:26,386 [WARN] DbFile:41 - Overriding database path with different value: C:\Users\91953\.stmcufinder\plugins\mcufinder/ => C:\Users\91953\.stmcufinder\plugins\mcufinder
2026-06-10 13:11:26,386 [WARN] DbFile:41 - Overriding database path with different value: C:\Users\91953\.stmcufinder\plugins\mcufinder/ => C:\Users\91953\.stmcufinder\plugins\mcufinder
2026-06-10 13:11:26,386 [INFO] CrossReferenceDbSqlite:203 - Set database path to: C:\Users\91953\.stmcufinder\plugins\mcufinder//mcu/cs/
2026-06-10 13:11:26,400 [INFO] ApplicationProperties:184 - Using Application install path: C:\ST\STM32CubeIDE_1.19.0\STM32CubeIDE\plugins\com.st.stm32cube.common.mx_6.15.0.202507011659
2026-06-10 13:11:26,401 [INFO] PluginManage:196 - Search for loadable plugins [exclusion list=, ]
2026-06-10 13:11:26,402 [INFO] PluginManage:310 - Check plugin analytics
2026-06-10 13:11:26,530 [INFO] AnalyticsPlugin:253 - Accepted Software Licenses: 
2026-06-10 13:11:26,530 [INFO] AnalyticsPlugin:255 - Accepted CMSIS Pack Licenses: 
2026-06-10 13:11:26,530 [INFO] AnalyticsPlugin:257 - Accepted Firmware Licenses: 
2026-06-10 13:11:26,533 [INFO] PluginManage:359 - Loaded plugin analytics (category:tool,tabindex:-1)
2026-06-10 13:11:26,534 [INFO] PluginManage:310 - Check plugin cadmodel
2026-06-10 13:11:26,537 [INFO] CADModel:105 - Init CAD model plugin
2026-06-10 13:11:26,538 [INFO] PluginManage:359 - Loaded plugin cadmodel (category:power,tabindex:5)
2026-06-10 13:11:26,538 [INFO] PluginManage:310 - Check plugin clock
2026-06-10 13:11:26,543 [INFO] PluginManage:359 - Loaded plugin clock (category:base,tabindex:2)
2026-06-10 13:11:26,543 [INFO] PluginManage:310 - Check plugin ddr
2026-06-10 13:11:26,545 [INFO] PluginManage:359 - Loaded plugin ddr (category:tool,tabindex:6)
2026-06-10 13:11:26,545 [INFO] PluginManage:310 - Check plugin filemanager
2026-06-10 13:11:26,658 [INFO] PluginManage:359 - Loaded plugin filemanager (category:base,tabindex:10)
2026-06-10 13:11:26,658 [INFO] PluginManage:310 - Check plugin ipmanager
2026-06-10 13:11:26,664 [INFO] PluginManage:359 - Loaded plugin ipmanager (category:base,tabindex:5)
2026-06-10 13:11:26,664 [INFO] PluginManage:310 - Check plugin lpbam
2026-06-10 13:11:26,670 [INFO] PluginManage:359 - Loaded plugin lpbam (category:base,tabindex:0)
2026-06-10 13:11:26,670 [INFO] PluginManage:310 - Check plugin memorymap
2026-06-10 13:11:26,679 [INFO] PluginManage:359 - Loaded plugin memorymap (category:base,tabindex:4)
2026-06-10 13:11:26,679 [INFO] PluginManage:310 - Check plugin pinoutandconfiguration
2026-06-10 13:11:26,685 [INFO] PluginManage:359 - Loaded plugin pinoutandconfiguration (category:base,tabindex:1)
2026-06-10 13:11:26,685 [INFO] PluginManage:310 - Check plugin pinoutconfig
2026-06-10 13:11:26,742 [WARN] SupportedApi:132 - Cannot load RTOS API schema: s4s-elt-must-match.1: The content of 'definitions' must match (annotation?, (simpleType | complexType)?, (unique | key | keyref)*)). A problem was found starting at: attribute.
2026-06-10 13:11:26,869 [INFO] PluginManage:359 - Loaded plugin pinoutconfig (category:base,tabindex:0)
2026-06-10 13:11:26,870 [INFO] PluginManage:310 - Check plugin power
2026-06-10 13:11:26,875 [INFO] PluginManage:359 - Loaded plugin power (category:power,tabindex:4)
2026-06-10 13:11:26,875 [INFO] PluginManage:310 - Check plugin projectmanager
2026-06-10 13:11:26,887 [INFO] PluginManage:359 - Loaded plugin projectmanager (category:projectmanager,tabindex:4)
2026-06-10 13:11:26,887 [INFO] PluginManage:310 - Check plugin rif
2026-06-10 13:11:26,894 [INFO] PluginManage:359 - Loaded plugin rif (category:base,tabindex:3)
2026-06-10 13:11:26,894 [INFO] PluginManage:310 - Check plugin thirdparty
2026-06-10 13:11:26,994 [WARN] IntegrityCheckThread:84 - waiting for thirdparty lock release [integrity check]
2026-06-10 13:11:26,994 [INFO] PluginManage:359 - Loaded plugin thirdparty (category:base,tabindex:-1)
2026-06-10 13:11:26,994 [INFO] IntegrityCheckThread:86 - entering critical section [integrity check]
2026-06-10 13:11:26,995 [INFO] PluginManage:310 - Check plugin tools
2026-06-10 13:11:26,995 [INFO] ThirdPartyUpdaterWithRetryManager:70 - Updater plugin not ready yet. [1/15]
2026-06-10 13:11:26,997 [INFO] PluginManage:359 - Loaded plugin tools (category:base,tabindex:7)
2026-06-10 13:11:26,997 [INFO] PluginManage:310 - Check plugin tutovideos
2026-06-10 13:11:27,126 [INFO] PluginManage:359 - Loaded plugin tutovideos (category:base,tabindex:-1)
2026-06-10 13:11:27,127 [INFO] PluginManage:310 - Check plugin updater
2026-06-10 13:11:27,143 [INFO] PluginManage:359 - Loaded plugin updater (category:base,tabindex:12)
2026-06-10 13:11:27,143 [INFO] PluginManage:310 - Check plugin userauth
2026-06-10 13:11:27,146 [INFO] UserAuth:118 - Init User Auth plugin
2026-06-10 13:11:27,147 [INFO] PluginManage:359 - Loaded plugin userauth (category:base,tabindex:14)
2026-06-10 13:11:27,147 [INFO] PluginManage:283 - PluginManage : Loaded plugins [18]
2026-06-10 13:11:27,293 [INFO] PinOutPanel:1589 - setPackage(No Configuration,No Configuration)
2026-06-10 13:11:27,356 [INFO] CADModel:165 - CPN selected for project level
2026-06-10 13:11:27,357 [INFO] CADModel:114 - Register for checkConnection events
2026-06-10 13:11:27,371 [INFO] IPUIPlugin:80 - create IPUIPlugin
2026-06-10 13:11:27,371 [INFO] PluginManager:220 - loadIPPluginJar : add adc
2026-06-10 13:11:27,373 [INFO] IPUIPlugin:80 - create IPUIPlugin
2026-06-10 13:11:27,373 [INFO] PluginManager:220 - loadIPPluginJar : add aes
2026-06-10 13:11:27,375 [INFO] IPUIPlugin:80 - create IPUIPlugin
2026-06-10 13:11:27,375 [INFO] PluginManager:220 - loadIPPluginJar : add can
2026-06-10 13:11:27,376 [INFO] IPUIPlugin:80 - create IPUIPlugin
2026-06-10 13:11:27,377 [INFO] PluginManager:220 - loadIPPluginJar : add comp
2026-06-10 13:11:27,378 [INFO] IPUIPlugin:80 - create IPUIPlugin
2026-06-10 13:11:27,378 [INFO] PluginManager:220 - loadIPPluginJar : add cryp
2026-06-10 13:11:27,380 [INFO] IPUIPlugin:80 - create IPUIPlugin
2026-06-10 13:11:27,381 [INFO] PluginManager:220 - loadIPPluginJar : add ddr_ctrl_phy
2026-06-10 13:11:27,382 [INFO] IPUIPlugin:80 - create IPUIPlugin
2026-06-10 13:11:27,382 [INFO] PluginManager:220 - loadIPPluginJar : add dfsdm
2026-06-10 13:11:27,386 [INFO] IPUIPlugin:80 - create IPUIPlugin
2026-06-10 13:11:27,387 [INFO] PluginManager:220 - loadIPPluginJar : add dma
2026-06-10 13:11:27,389 [INFO] IPUIPlugin:80 - create IPUIPlugin
2026-06-10 13:11:27,389 [INFO] PluginManager:220 - loadIPPluginJar : add dma3
2026-06-10 13:11:27,391 [INFO] IPUIPlugin:80 - create IPUIPlugin
2026-06-10 13:11:27,391 [INFO] PluginManager:220 - loadIPPluginJar : add extmemmanager
2026-06-10 13:11:27,392 [INFO] IPUIPlugin:80 - create IPUIPlugin
2026-06-10 13:11:27,392 [INFO] PluginManager:220 - loadIPPluginJar : add fatfs
2026-06-10 13:11:27,395 [INFO] IPUIPlugin:80 - create IPUIPlugin
2026-06-10 13:11:27,395 [INFO] PluginManager:220 - loadIPPluginJar : add fmc
2026-06-10 13:11:27,399 [INFO] IPUIPlugin:80 - create IPUIPlugin
2026-06-10 13:11:27,399 [INFO] PluginManager:220 - loadIPPluginJar : add freertos
2026-06-10 13:11:27,400 [INFO] IPUIPlugin:80 - create IPUIPlugin
2026-06-10 13:11:27,400 [INFO] PluginManager:220 - loadIPPluginJar : add genericplugin
2026-06-10 13:11:27,401 [INFO] IPUIPlugin:80 - create IPUIPlugin
2026-06-10 13:11:27,401 [INFO] PluginManager:220 - loadIPPluginJar : add gfxmmu
2026-06-10 13:11:27,404 [INFO] IPUIPlugin:80 - create IPUIPlugin
2026-06-10 13:11:27,404 [INFO] PluginManager:220 - loadIPPluginJar : add gic
2026-06-10 13:11:27,407 [INFO] IPUIPlugin:80 - create IPUIPlugin
2026-06-10 13:11:27,408 [INFO] PluginManager:220 - loadIPPluginJar : add gpio
2026-06-10 13:11:27,409 [INFO] IPUIPlugin:80 - create IPUIPlugin
2026-06-10 13:11:27,409 [INFO] PluginManager:220 - loadIPPluginJar : add gtzc
2026-06-10 13:11:27,411 [INFO] IPUIPlugin:80 - create IPUIPlugin
2026-06-10 13:11:27,411 [INFO] PluginManager:220 - loadIPPluginJar : add hash
2026-06-10 13:11:27,413 [INFO] IPUIPlugin:80 - create IPUIPlugin
2026-06-10 13:11:27,413 [INFO] PluginManager:220 - loadIPPluginJar : add i2c
2026-06-10 13:11:27,414 [INFO] IPUIPlugin:80 - create IPUIPlugin
2026-06-10 13:11:27,415 [INFO] PluginManager:220 - loadIPPluginJar : add i2s
2026-06-10 13:11:27,417 [INFO] IPUIPlugin:80 - create IPUIPlugin
2026-06-10 13:11:27,417 [INFO] PluginManager:220 - loadIPPluginJar : add i3c
2026-06-10 13:11:27,418 [INFO] IPUIPlugin:80 - create IPUIPlugin
2026-06-10 13:11:27,418 [INFO] PluginManager:220 - loadIPPluginJar : add ipddr
2026-06-10 13:11:27,425 [INFO] IPUIPlugin:80 - create IPUIPlugin
2026-06-10 13:11:27,425 [INFO] PluginManager:220 - loadIPPluginJar : add linkedlist
2026-06-10 13:11:27,427 [INFO] IPUIPlugin:80 - create IPUIPlugin
2026-06-10 13:11:27,427 [INFO] PluginManager:220 - loadIPPluginJar : add lorawan
2026-06-10 13:11:27,428 [INFO] IPUIPlugin:80 - create IPUIPlugin
2026-06-10 13:11:27,428 [INFO] PluginManager:220 - loadIPPluginJar : add ltdc
2026-06-10 13:11:27,432 [INFO] IPUIPlugin:80 - create IPUIPlugin
2026-06-10 13:11:27,432 [INFO] PluginManager:220 - loadIPPluginJar : add mdma
2026-06-10 13:11:27,434 [INFO] IPUIPlugin:80 - create IPUIPlugin
2026-06-10 13:11:27,434 [INFO] PluginManager:220 - loadIPPluginJar : add nvic
2026-06-10 13:11:27,436 [INFO] IPUIPlugin:80 - create IPUIPlugin
2026-06-10 13:11:27,436 [INFO] PluginManager:220 - loadIPPluginJar : add opamp
2026-06-10 13:11:27,438 [INFO] IPUIPlugin:80 - create IPUIPlugin
2026-06-10 13:11:27,438 [INFO] PluginManager:220 - loadIPPluginJar : add openamp
2026-06-10 13:11:27,441 [INFO] IPUIPlugin:80 - create IPUIPlugin
2026-06-10 13:11:27,441 [INFO] PluginManager:220 - loadIPPluginJar : add pdm2pcm
2026-06-10 13:11:27,446 [INFO] IPUIPlugin:80 - create IPUIPlugin
2026-06-10 13:11:27,448 [INFO] PluginManager:220 - loadIPPluginJar : add plateformsettings
2026-06-10 13:11:27,450 [INFO] IPUIPlugin:80 - create IPUIPlugin
2026-06-10 13:11:27,450 [INFO] PluginManager:220 - loadIPPluginJar : add quadspi
2026-06-10 13:11:27,451 [INFO] IPUIPlugin:80 - create IPUIPlugin
2026-06-10 13:11:27,451 [INFO] PluginManager:220 - loadIPPluginJar : add radio
2026-06-10 13:11:27,453 [INFO] IPUIPlugin:80 - create IPUIPlugin
2026-06-10 13:11:27,453 [INFO] PluginManager:220 - loadIPPluginJar : add resmgrutility
2026-06-10 13:11:27,455 [INFO] IPUIPlugin:80 - create IPUIPlugin
2026-06-10 13:11:27,455 [INFO] PluginManager:220 - loadIPPluginJar : add sai
2026-06-10 13:11:27,457 [INFO] IPUIPlugin:80 - create IPUIPlugin
2026-06-10 13:11:27,457 [INFO] PluginManager:220 - loadIPPluginJar : add spi
2026-06-10 13:11:27,462 [INFO] IPUIPlugin:80 - create IPUIPlugin
2026-06-10 13:11:27,462 [INFO] PluginManager:220 - loadIPPluginJar : add stm32_wpan
2026-06-10 13:11:27,463 [INFO] IPUIPlugin:80 - create IPUIPlugin
2026-06-10 13:11:27,464 [INFO] PluginManager:220 - loadIPPluginJar : add tim
2026-06-10 13:11:27,466 [INFO] IPUIPlugin:80 - create IPUIPlugin
2026-06-10 13:11:27,466 [INFO] PluginManager:220 - loadIPPluginJar : add touchsensing
2026-06-10 13:11:27,468 [INFO] IPUIPlugin:80 - create IPUIPlugin
2026-06-10 13:11:27,468 [INFO] PluginManager:220 - loadIPPluginJar : add tracer_emb
2026-06-10 13:11:27,469 [INFO] IPUIPlugin:80 - create IPUIPlugin
2026-06-10 13:11:27,469 [INFO] PluginManager:220 - loadIPPluginJar : add ts
2026-06-10 13:11:27,470 [INFO] IPUIPlugin:80 - create IPUIPlugin
2026-06-10 13:11:27,470 [INFO] PluginManager:220 - loadIPPluginJar : add tsc
2026-06-10 13:11:27,471 [INFO] IPUIPlugin:80 - create IPUIPlugin
2026-06-10 13:11:27,471 [INFO] PluginManager:220 - loadIPPluginJar : add ucpd
2026-06-10 13:11:27,474 [INFO] IPUIPlugin:80 - create IPUIPlugin
2026-06-10 13:11:27,474 [INFO] PluginManager:220 - loadIPPluginJar : add usart
2026-06-10 13:11:27,475 [INFO] IPUIPlugin:80 - create IPUIPlugin
2026-06-10 13:11:27,475 [INFO] PluginManager:220 - loadIPPluginJar : add usbx
2026-06-10 13:11:27,581 [FATAL] Updater:351 - Updater called before beeing initialized
2026-06-10 13:11:27,597 [INFO] RulesReader:64 - Compatibility file has been processed (317 Rules)
2026-06-10 13:11:27,605 [INFO] RulesReader:64 - Compatibility file has been processed (317 Rules)
2026-06-10 13:11:27,612 [INFO] CADModel:165 - CPN selected for project level
2026-06-10 13:11:27,613 [INFO] CADModel:114 - Register for checkConnection events
2026-06-10 13:11:27,613 [FATAL] Updater:351 - Updater called before beeing initialized
2026-06-10 13:11:27,613 [ERROR] CADModel:125 - Updater not yet initialized, retry later 
2026-06-10 13:11:27,701 [FATAL] Updater:351 - Updater called before beeing initialized
2026-06-10 13:11:27,702 [INFO] CADModel:165 - CPN selected for project level
2026-06-10 13:11:27,702 [INFO] CADModel:114 - Register for checkConnection events
2026-06-10 13:11:27,702 [FATAL] Updater:351 - Updater called before beeing initialized
2026-06-10 13:11:27,702 [ERROR] CADModel:125 - Updater not yet initialized, retry later 
2026-06-10 13:11:27,704 [FATAL] Updater:351 - Updater called before beeing initialized
2026-06-10 13:11:27,774 [FATAL] Updater:351 - Updater called before beeing initialized
2026-06-10 13:11:27,777 [INFO] DbMcusAds:53 - JSON generation date=Thu May 28 21:38:17 IST 2026 (1779984497073)
2026-06-10 13:11:27,777 [FATAL] Updater:351 - Updater called before beeing initialized
2026-06-10 13:11:27,797 [WARN] DetailPanel:346 - Failed to get advertising image, set to default
2026-06-10 13:11:27,855 [FATAL] Updater:351 - Updater called before beeing initialized
2026-06-10 13:11:27,856 [FATAL] Updater:351 - Updater called before beeing initialized
2026-06-10 13:11:27,856 [FATAL] Updater:351 - Updater called before beeing initialized
2026-06-10 13:11:27,856 [WARN] DetailPanel:346 - Failed to get advertising image, set to default
2026-06-10 13:11:27,857 [FATAL] Updater:351 - Updater called before beeing initialized
2026-06-10 13:11:27,884 [ERROR] Updater:1198 - MainUpdater not yet initialized. External WinMGr cannot be set.
2026-06-10 13:11:27,885 [INFO] Updater:1134 - Updater Version found : 6.15.0
2026-06-10 13:11:27,898 [INFO] ApplicationProperties:184 - Using Application install path: C:\ST\STM32CubeIDE_1.19.0\STM32CubeIDE\plugins\com.st.stm32cube.common.mx_6.15.0.202507011659
2026-06-10 13:11:28,259 [INFO] McuFinderGlobals:63 - Set McuFinder mode to 2 (CubeIDE integrated)
2026-06-10 13:11:29,464 [ERROR] LogOutputStream:75 - [STDERR_REDIRECT] Jun 10, 2026 1:11:29 PM java.util.prefs.WindowsPreferences <init>
2026-06-10 13:11:29,465 [ERROR] LogOutputStream:75 - [STDERR_REDIRECT] WARNING: Could not open/create prefs root node Software\JavaSoft\Prefs at root 0xffffffff80000002. Windows RegCreateKeyEx(...) returned error code 5.
2026-06-10 13:11:29,465 [ERROR] LogOutputStream:75 - [STDERR_REDIRECT] 
2026-06-10 13:11:29,755 [INFO] MainUpdater:2872 - connection check result : 10
2026-06-10 13:11:29,756 [INFO] MainUpdater:289 - Updater Check For Update Now.
2026-06-10 13:11:29,756 [INFO] MicroXplorer:498 - Change Database Version : DB.6.0.150
2026-06-10 13:11:29,765 [INFO] McuFinderGlobals:63 - Set McuFinder mode to 2 (CubeIDE integrated)
2026-06-10 13:11:29,766 [INFO] UserAuth:487 - Internet connection configuration mode: 1
2026-06-10 13:11:29,787 [INFO] JxBrowserEngine:152 - Initiate JxBrowser Engine with user profile folder
2026-06-10 13:11:29,901 [INFO] CheckServerUpdateThread:120 - End of CheckServer Thread
2026-06-10 13:11:29,967 [INFO] MainUpdater:2872 - connection check result : 10
2026-06-10 13:11:29,968 [INFO] MainUpdater:2872 - connection check result : 10
2026-06-10 13:11:30,002 [INFO] MicroXplorer:468 - Change Database Path : 
2026-06-10 13:11:30,003 [INFO] MicroXplorer:498 - Change Database Version : DB.6.0.150
2026-06-10 13:11:30,012 [WARN] ThirdParty:871 - waiting for thirdparty lock release [close project]
2026-06-10 13:11:30,192 [WARN] PackLoader:240 - Cannot read IP mode file for STMicroelectronics.FP-ATR-ASTRA1.2.0.2
2026-06-10 13:11:30,231 [WARN] PackLoader:240 - Cannot read IP mode file for STMicroelectronics.X-CUBE-AZRTOS-F7.1.1.0
2026-06-10 13:11:30,247 [WARN] PackLoader:240 - Cannot read IP mode file for STMicroelectronics.X-CUBE-DISPLAY.3.0.0
2026-06-10 13:11:30,261 [WARN] PackLoader:240 - Cannot read IP mode file for STMicroelectronics.X-CUBE-NFC10.1.0.0
2026-06-10 13:11:30,269 [WARN] PackLoader:240 - Cannot read IP mode file for STMicroelectronics.FP-SNS-SMARTAG2.1.2.0
2026-06-10 13:11:30,274 [WARN] PackLoader:240 - Cannot read IP mode file for STMicroelectronics.FP-SNS-FLIGHT1.5.1.0
2026-06-10 13:11:30,284 [INFO] LogOutputStream:77 - [STDOUT_REDIRECT] 1 : Invalid condition id : UX_CORESTACK_Condition cause : null
2026-06-10 13:11:30,285 [INFO] LogOutputStream:77 - [STDOUT_REDIRECT] 1 : Invalid condition id : UX_CORESTACK_Condition cause : null
2026-06-10 13:11:30,286 [INFO] LogOutputStream:77 - [STDOUT_REDIRECT] 1 : Invalid condition id : UX_CORESTACK_Condition cause : null
2026-06-10 13:11:30,286 [INFO] LogOutputStream:77 - [STDOUT_REDIRECT] 1 : Invalid condition id : UX_CORESTACK_Condition cause : null
2026-06-10 13:11:30,287 [INFO] LogOutputStream:77 - [STDOUT_REDIRECT] 1 : Invalid condition id : UX_CORESTACK_Condition cause : null
2026-06-10 13:11:30,292 [WARN] PackLoader:240 - Cannot read IP mode file for STMicroelectronics.X-CUBE-AZRTOS-WL.2.0.0
2026-06-10 13:11:30,299 [WARN] PackLoader:240 - Cannot read IP mode file for STMicroelectronics.X-CUBE-BLE2.3.3.0
2026-06-10 13:11:30,306 [WARN] PackLoader:240 - Cannot read IP mode file for STMicroelectronics.X-CUBE-NFC9.1.0.0
2026-06-10 13:11:30,315 [WARN] PackLoader:240 - Cannot read IP mode file for STMicroelectronics.X-CUBE-BLE1.7.1.0
2026-06-10 13:11:30,335 [WARN] PackLoader:240 - Cannot read IP mode file for STMicroelectronics.X-CUBE-AZRTOS-G0.1.1.0
2026-06-10 13:11:30,342 [WARN] PackLoader:240 - Cannot read IP mode file for STMicroelectronics.X-CUBE-NFC4.3.0.0
2026-06-10 13:11:30,356 [WARN] PackLoader:240 - Cannot read IP mode file for EmbeddedOffice.I-CUBE-FS-RTOS.1.0.1
2026-06-10 13:11:30,363 [WARN] PackLoader:240 - Cannot read IP mode file for STMicroelectronics.X-CUBE-TCPP.4.2.0
2026-06-10 13:11:30,371 [WARN] PackLoader:240 - Cannot read IP mode file for RealThread.X-CUBE-RT-Thread_Nano.4.1.1
2026-06-10 13:11:30,377 [WARN] PackLoader:240 - Cannot read IP mode file for STMicroelectronics.FP-ATR-SIGFOX1.3.2.0
2026-06-10 13:11:30,405 [WARN] PackLoader:240 - Cannot read IP mode file for SEGGER.I-CUBE-embOS.1.3.1
2026-06-10 13:11:30,438 [WARN] PackLoader:240 - Cannot read IP mode file for STMicroelectronics.X-CUBE-PM33A1.1.0.0
2026-06-10 13:11:30,460 [WARN] PackLoader:240 - Cannot read IP mode file for STMicroelectronics.X-CUBE-AZRTOS-F4.1.1.0
2026-06-10 13:11:30,467 [WARN] PackLoader:240 - Cannot read IP mode file for STMicroelectronics.X-CUBE-ISPU.2.1.0
2026-06-10 13:11:30,481 [WARN] PackLoader:240 - Cannot read IP mode file for STMicroelectronics.X-CUBE-AZRTOS-L5.2.0.0
2026-06-10 13:11:30,487 [WARN] PackLoader:240 - Cannot read IP mode file for STMicroelectronics.X-CUBE-DPower.1.3.0
2026-06-10 13:11:30,497 [WARN] ConditionMgr:438 - getConditionDescription Invalid condition id : LAN8742 Phy interface Condition cause : null
2026-06-10 13:11:30,497 [WARN] PackLoader:240 - Cannot read IP mode file for STMicroelectronics.X-CUBE-AZRTOS-L4.2.0.0
2026-06-10 13:11:30,498 [WARN] ConditionMgr:1044 - genDependencies : Invalid condition id : LAN8742 Phy interface Condition cause : null
2026-06-10 13:11:30,498 [WARN] ConditionMgr:1044 - genDependencies : Invalid condition id : LAN8742 Phy interface Condition cause : null
2026-06-10 13:11:30,498 [WARN] ConditionMgr:1044 - genDependencies : Invalid condition id : LAN8742 Phy interface Condition cause : null
2026-06-10 13:11:30,505 [WARN] PackLoader:240 - Cannot read IP mode file for STMicroelectronics.X-CUBE-SFXS2LP1.4.0.0
2026-06-10 13:11:30,510 [INFO] WebApp:169 - Instantiating new browser for Auth
2026-06-10 13:11:30,517 [WARN] ConditionMgr:438 - getConditionDescription Invalid condition id : UX DEVICE CLASS RTOS Condition cause : null
2026-06-10 13:11:30,517 [WARN] ConditionMgr:438 - getConditionDescription Invalid condition id : UX DEVICE CLASS RTOS Condition cause : null
2026-06-10 13:11:30,519 [WARN] PackLoader:240 - Cannot read IP mode file for STMicroelectronics.X-CUBE-AZRTOS-WB.2.0.0
2026-06-10 13:11:30,519 [WARN] ConditionMgr:1044 - genDependencies : Invalid condition id : UX DEVICE CLASS RTOS Condition cause : null
2026-06-10 13:11:30,520 [WARN] ConditionMgr:1044 - genDependencies : Invalid condition id : UX DEVICE CLASS RTOS Condition cause : null
2026-06-10 13:11:30,520 [WARN] ConditionMgr:1044 - genDependencies : Invalid condition id : UX DEVICE CLASS RTOS Condition cause : null
2026-06-10 13:11:30,520 [WARN] ConditionMgr:1044 - genDependencies : Invalid condition id : UX DEVICE CLASS RTOS Condition cause : null
2026-06-10 13:11:30,520 [WARN] ConditionMgr:1044 - genDependencies : Invalid condition id : UX DEVICE CLASS RTOS Condition cause : null
2026-06-10 13:11:30,531 [WARN] PackLoader:240 - Cannot read IP mode file for STMicroelectronics.X-CUBE-SUBG2.5.0.0
2026-06-10 13:11:30,549 [WARN] PackLoader:240 - Cannot read IP mode file for STMicroelectronics.X-CUBE-AZRTOS-G4.2.0.0
2026-06-10 13:11:30,558 [WARN] PackLoader:240 - Cannot read IP mode file for STMicroelectronics.X-CUBE-NFC7.2.0.0
2026-06-10 13:11:30,564 [WARN] PackLoader:240 - Cannot read IP mode file for STMicroelectronics.X-CUBE-ALS.1.0.2
2026-06-10 13:11:30,574 [WARN] PackLoader:240 - Cannot read IP mode file for STMicroelectronics.X-CUBE-TOF1.3.4.3
2026-06-10 13:11:30,583 [INFO] ThirdParty:978 - Integrity check success = true
2026-06-10 13:11:30,583 [INFO] IntegrityCheckThread:100 - exiting critical section [integrity check]
2026-06-10 13:11:30,583 [INFO] IntegrityCheckThread:103 - End integrity checks thread
2026-06-10 13:11:30,583 [INFO] ThirdParty:873 - entering critical section [close project]
2026-06-10 13:11:30,585 [INFO] ThirdParty:883 - exiting critical section [close project]
2026-06-10 13:11:30,587 [INFO] PinOutPanel:1589 - setPackage(No Configuration,No Configuration)
2026-06-10 13:11:30,590 [INFO] UtilMem:75 - Begin LoadConfig() Used Memory: 191032072 Bytes (271581184)
2026-06-10 13:11:30,592 [INFO] MicroXplorer:468 - Change Database Path : 
2026-06-10 13:11:30,592 [INFO] MicroXplorer:498 - Change Database Version : DB.6.0.150
2026-06-10 13:11:30,593 [INFO] OpenFileManager:355 - Change cursor
2026-06-10 13:11:30,615 [INFO] Mcu:2029 - Initializing MCU STM32F103C(8-B)Tx STM32F103C8Tx STM32F103C8T6
2026-06-10 13:11:31,506 [INFO] WebApp:463 - Apply proxy settings
2026-06-10 13:11:31,507 [INFO] WebApp:548 - Chromium requires no authentication
2026-06-10 13:11:31,523 [INFO] WebApp:491 - Direct internet connection detected
2026-06-10 13:11:31,532 [INFO] Context:786 - Trying to add GPIOservice into a context  which must be forbidden
2026-06-10 13:11:31,550 [INFO] WebApp:900 - Register for checkConnection events
2026-06-10 13:11:31,550 [INFO] WebApp:463 - Apply proxy settings
2026-06-10 13:11:31,550 [INFO] WebApp:548 - Chromium requires no authentication
2026-06-10 13:11:31,551 [INFO] WebApp:491 - Direct internet connection detected
2026-06-10 13:11:31,776 [INFO] ImportTextPane:234 - (OptionalMessage_ERROR) Pin15 (VP_RIF_VS_RIF1) cannot be retrieved for this MCU
2026-06-10 13:11:31,846 [INFO] RtosManager:558 - Registered RTOS mode: class=CMSIS, group=RTOS, mode=CMSIS_V1, owner=FREERTOS
2026-06-10 13:11:31,846 [INFO] RtosManager:558 - Registered RTOS mode: class=CMSIS, group=RTOS2, mode=CMSIS_V2, owner=FREERTOS
2026-06-10 13:11:31,847 [INFO] RtosManager:558 - Registered RTOS mode: class=RTOS, group=Core, mode=CMSIS_V1, owner=FREERTOS
2026-06-10 13:11:31,847 [INFO] RtosManager:558 - Registered RTOS mode: class=RTOS, group=Core, mode=CMSIS_V2, owner=FREERTOS
2026-06-10 13:11:31,847 [WARN] ModelIntegratedComponent:184 - Missing modes for component STMicroelectronics:FreeRTOS:0.0.1:STMicroelectronics:RTOS:FreeRTOS:Core:::10.2.0:
2026-06-10 13:11:31,855 [WARN] ModelIntegratedComponent:63 - No mode defined for component null
2026-06-10 13:11:31,856 [WARN] ModelIntegratedComponent:63 - No mode defined for component null
2026-06-10 13:11:31,856 [WARN] ModelIntegratedComponent:63 - No mode defined for component null
2026-06-10 13:11:31,856 [WARN] ModelIntegratedComponent:63 - No mode defined for component null
2026-06-10 13:11:31,856 [WARN] ModelIntegratedComponent:63 - No mode defined for component null
2026-06-10 13:11:31,856 [WARN] ModelIntegratedComponent:63 - No mode defined for component null
2026-06-10 13:11:31,856 [WARN] ModelIntegratedComponent:63 - No mode defined for component null
2026-06-10 13:11:31,856 [WARN] ModelIntegratedComponent:63 - No mode defined for component null
2026-06-10 13:11:31,856 [WARN] ModelIntegratedComponent:63 - No mode defined for component null
2026-06-10 13:11:31,856 [WARN] ModelIntegratedComponent:63 - No mode defined for component null
2026-06-10 13:11:31,856 [WARN] ModelIntegratedComponent:63 - No mode defined for component null
2026-06-10 13:11:31,856 [WARN] ModelIntegratedComponent:63 - No mode defined for component null
2026-06-10 13:11:31,856 [WARN] ModelIntegratedComponent:63 - No mode defined for component null
2026-06-10 13:11:31,857 [WARN] ModelIntegratedComponent:63 - No mode defined for component null
2026-06-10 13:11:31,857 [WARN] ModelIntegratedComponent:63 - No mode defined for component null
2026-06-10 13:11:31,857 [WARN] ModelIntegratedComponent:63 - No mode defined for component null
2026-06-10 13:11:31,857 [WARN] ModelIntegratedComponent:63 - No mode defined for component null
2026-06-10 13:11:31,857 [WARN] ModelIntegratedComponent:63 - No mode defined for component null
2026-06-10 13:11:31,857 [WARN] ModelIntegratedComponent:63 - No mode defined for component null
2026-06-10 13:11:31,857 [WARN] ModelIntegratedComponent:63 - No mode defined for component null
2026-06-10 13:11:31,857 [WARN] ModelIntegratedComponent:63 - No mode defined for component null
2026-06-10 13:11:31,857 [WARN] ModelIntegratedComponent:63 - No mode defined for component null
2026-06-10 13:11:31,857 [WARN] ModelIntegratedComponent:63 - No mode defined for component null
2026-06-10 13:11:31,857 [WARN] ModelIntegratedComponent:63 - No mode defined for component null
2026-06-10 13:11:31,857 [WARN] ModelIntegratedComponent:63 - No mode defined for component null
2026-06-10 13:11:31,857 [WARN] ModelIntegratedComponent:63 - No mode defined for component null
2026-06-10 13:11:31,857 [WARN] ModelIntegratedComponent:63 - No mode defined for component null
2026-06-10 13:11:31,857 [WARN] ModelIntegratedComponent:63 - No mode defined for component null
2026-06-10 13:11:31,857 [WARN] ModelIntegratedComponent:63 - No mode defined for component null
2026-06-10 13:11:31,857 [WARN] ModelIntegratedComponent:63 - No mode defined for component null
2026-06-10 13:11:31,857 [WARN] ModelIntegratedComponent:63 - No mode defined for component null
2026-06-10 13:11:31,857 [WARN] ModelIntegratedComponent:63 - No mode defined for component null
2026-06-10 13:11:31,857 [WARN] ModelIntegratedComponent:63 - No mode defined for component null
2026-06-10 13:11:31,858 [WARN] ModelIntegratedComponent:63 - No mode defined for component null
2026-06-10 13:11:31,858 [WARN] ModelIntegratedComponent:63 - No mode defined for component null
2026-06-10 13:11:31,858 [WARN] ModelPack:524 - Component already loaded: STMicroelectronics:HAL Drivers:0.0.0:STMicroelectronics:Device:STMicro_Driver:XSPI:HAL::0.0.1:HAL_XSPI
2026-06-10 13:11:31,875 [INFO] ThirdPartyModel:298 - Start build external matchings
2026-06-10 13:11:31,907 [INFO] ThirdPartyModel:316 - End build external matchings
2026-06-10 13:11:31,934 [INFO] WebApp:225 - Starting web application
2026-06-10 13:11:31,934 [INFO] WebApp:593 - Web application path used C:\ST\STM32CubeIDE_1.19.0\STM32CubeIDE\plugins\com.st.stm32cube.common.mx_6.15.0.202507011659\db\plugins\mcufinder\reactClient1\index.html
2026-06-10 13:11:32,044 [INFO] UserAuth:487 - Internet connection configuration mode: 1
2026-06-10 13:11:32,150 [INFO] ApiDb:581 - Connected to CubeFinder SQLite database (C:\Users\91953\.stmcufinder\plugins\mcufinder\mcu\cube-finder-db.db)
2026-06-10 13:11:32,224 [INFO] WebApp:191 - Connection restablished
2026-06-10 13:11:32,227 [INFO] ApiDb:668 - CubeFinder database Data Model version=2.1
2026-06-10 13:11:32,228 [INFO] ApiDb:669 - CubeFinder database Configuration version=3.0.42
2026-06-10 13:11:32,228 [INFO] ApiDb:670 - CubeFinder database generation date=2026-05-14 (1778746352)
2026-06-10 13:11:32,228 [INFO] ApiDb:671 - CubeFinder database FW Pack versions=[FP-ATR-ASTRA1_V2.0.0, FP-SNS-FLIGHT1_V5.1.0, FP-SNS-MOTENV1_V5.1.0, FP-SNS-MOTENVWB1_V1.5.0, FP-SNS-SMARTAG2_V1.2.0, FP-SNS-STBOX1_V2.1.0, STM32Cube_FW_C0_V1.4.0, STM32Cube_FW_F4_V1.28.3, STM32Cube_FW_F7_V1.17.4, STM32Cube_FW_G0_V1.6.3, STM32Cube_FW_G4_V1.6.2, STM32Cube_FW_H5_V1.6.0, STM32Cube_FW_H7RS_V1.3.0, STM32Cube_FW_H7_V1.13.0, STM32Cube_FW_L0_V1.12.2, STM32Cube_FW_L4_V1.18.2, STM32Cube_FW_L5_V1.6.0, STM32Cube_FW_N6_V1.3.0, STM32Cube_FW_U0_V1.3.0, STM32Cube_FW_U3_V1.3.0, STM32Cube_FW_U5_V1.8.0, STM32Cube_FW_WB0_V1.4.0, STM32Cube_FW_WBA_V1.9.0, STM32Cube_FW_WB_V1.24.0, STM32Cube_FW_WL3_V1.4.0, STM32Cube_FW_WL_V1.5.0, X-CUBE-ALGOBUILD_V1.4.0, X-CUBE-ALS_V1.0.2, X-CUBE-AZRTOS-F4_V1.1.0, X-CUBE-AZRTOS-F7_V1.1.0, X-CUBE-AZRTOS-G0_V1.1.0, X-CUBE-AZRTOS-G4_V2.0.0, X-CUBE-AZRTOS-H7RS_V1.1.0, X-CUBE-AZRTOS-H7_V3.5.0, X-CUBE-AZRTOS-L4_V2.0.0, X-CUBE-AZRTOS-L5_V2.0.0, X-CUBE-AZRTOS-WB_V2.0.0, X-CUBE-AZRTOS-WL_V2.0.0, X-CUBE-BLE1_V7.1.0, X-CUBE-BLE2_V3.3.0, X-CUBE-BLEMGR_V4.1.0, X-CUBE-EEPRMA1_V5.2.0, X-CUBE-FREERTOS_V1.5.0, X-CUBE-GNSS1_V7.1.1, X-CUBE-MEMS1_V12.1.0, X-CUBE-NFC4_V3.0.0, X-CUBE-NFC7_V2.0.0, X-CUBE-SFXS2LP1_V4.0.0, X-CUBE-ST67W61_V1.3.0, X-CUBE-SUBG2_V5.0.0, X-CUBE-TOF1_V3.4.3]
2026-06-10 13:11:32,279 [INFO] DbBoardsSqlite:226 - include board P-NUCLEO-WB55-NUCLEO as a kit item of type 'Nucleo-64'
2026-06-10 13:11:32,279 [INFO] DbBoardsSqlite:226 - include board P-NUCLEO-WB55-USBDONGLE as a kit item of type 'Nucleo USB Dongle'
2026-06-10 13:11:32,279 [INFO] DbBoardsSqlite:226 - include board STEVAL-IDP005V1 as a kit item of type 'Evaluation Board'
2026-06-10 13:11:32,279 [INFO] DbBoardsSqlite:226 - include board STEVAL-IDP005V2 as a kit item of type 'Evaluation Board'
2026-06-10 13:11:32,340 [INFO] ApiDb:240 - Found 880 in-development CPN: [B-G473E-ZEST1S, B-WB1M-WPAN1, B-WBA5M-WPAN, B-WL5M-SUBG1, NUCLEO-C031C6, NUCLEO-C051C8, NUCLEO-C071RB, NUCLEO-C092RC, NUCLEO-H503RB, NUCLEO-H533RE, NUCLEO-H563ZI, NUCLEO-H7S3L8, NUCLEO-N657X0-Q, NUCLEO-U031R8, NUCLEO-U083RC, NUCLEO-U385RG-Q, NUCLEO-U545RE-Q, NUCLEO-U5A5ZJ-Q, NUCLEO-WB05KZ, NUCLEO-WB07CC, NUCLEO-WB09KE, NUCLEO-WBA52CG, NUCLEO-WBA55CG, NUCLEO-WL33CC1, NUCLEO-WL33CC2, STEVAL-PROTEUS1, STEVAL-SMARTAG2, STEVAL-STWINBX1, STM320518-EVAL, STM32C0116-DK, STM32C011D6Y3TR, STM32C011D6Y6TR, STM32C011F4P3, STM32C011F4P6, STM32C011F4U3, STM32C011F4U6TR, STM32C011F6P3, STM32C011F6P6, STM32C011F6U3, STM32C011F6U6TR, STM32C011J4M3, STM32C011J4M6, STM32C011J6M3, STM32C011J6M6, STM32C0316-DK, STM32C031C4T3, STM32C031C4T6, STM32C031C4U3, STM32C031C4U6, STM32C031C6T3, STM32C031C6T6, STM32C031C6U3, STM32C031C6U6, STM32C031F4P3, STM32C031F4P6, STM32C031F6P3, STM32C031F6P6, STM32C031G4U3, STM32C031G4U6, STM32C031G6U3, STM32C031G6U6, STM32C031K4T3, STM32C031K4T6, STM32C031K4U3, STM32C031K4U6, STM32C031K6T3, STM32C031K6T6, STM32C031K6U3, STM32C031K6U6, STM32C051C6T6, STM32C051C6U6, STM32C051C8T6, STM32C051C8U6, STM32C051D8Y6TR, STM32C051F6P6, STM32C051F8P6, STM32C051G6U6, STM32C051G8U6, STM32C051K6T6, STM32C051K6U6, STM32C051K8T6, STM32C071C8T6, STM32C071C8T6N, STM32C071C8U6, STM32C071C8U6N, STM32C071CBT6, STM32C071CBT6N, STM32C071CBU6, STM32C071CBU6N, STM32C071F8P6, STM32C071F8P6N, STM32C071FBP6, STM32C071FBP6N, STM32C071FBY6TR, STM32C071G8U6, STM32C071G8U6N, STM32C071GBU6, STM32C071GBU6N, STM32C071K8T6, STM32C071K8T6N, STM32C071K8U6, STM32C071K8U6N, STM32C071KBT6, STM32C071KBT6N, STM32C071KBU6, STM32C071KBU6N, STM32C071R8T6, STM32C071R8T6N, STM32C071RBI6N, STM32C071RBT6, STM32C071RBT6N, STM32C091CBT6, STM32C091CBU6, STM32C091CCT6, STM32C091CCU6, STM32C091ECY6TR, STM32C091FBP6, STM32C091FCP6, STM32C091GBU6, STM32C091GCU6, STM32C091KBT6, STM32C091KBU6, STM32C091KCT6, STM32C091KCU6, STM32C091RBT6, STM32C091RCI6, STM32C091RCT6, STM32C092CBT6, STM32C092CBU6, STM32C092CCT6, STM32C092CCU6, STM32C092ECY6TR, STM32C092FBP6, STM32C092FCP6, STM32C092GBU6, STM32C092GCU6, STM32C092KBT6, STM32C092KBU6, STM32C092KCT6, STM32C092KCU6, STM32C092RBT6, STM32C092RCI6, STM32C092RCT6, STM32G071K8TXN, STM32G071K8UXN, STM32G081GBU6N, STM32G081KBT6N, STM32G081KBUXN, STM32G0B1CCT6N, STM32G0B1KCT6, STM32G0B1NEY6TR, STM32G0B1RCT6N, STM32G0C1CCT6, STM32G0C1CCT6N, STM32G0C1CCU6N, STM32G0C1CET6N, STM32G0C1CEU6N, STM32G0C1KCT6, STM32G0C1NEY6TR, STM32G0C1RCI6N, STM32G0C1RCT6N, STM32G0C1REI6N, STM32G0C1RET6N, STM32G0C1VCI6, STM32G0C1VEI6, STM32G411C6T3, STM32G411C6T6, STM32G411C6U3, STM32G411C6U6, STM32G411C8T3, STM32G411C8T6, STM32G411C8U3, STM32G411C8U6, STM32G411CBT3, STM32G411CBT6, STM32G411CBU3, STM32G411CBU6, STM32G411K6T3, STM32G411K6T6, STM32G411K6U3, STM32G411K6U6, STM32G411K8T3, STM32G411K8T6, STM32G411K8U3, STM32G411K8U6, STM32G411KBT3, STM32G411KBT6, STM32G411KBU3, STM32G411KBU6, STM32G411M6T3, STM32G411M6T6, STM32G411M8T3, STM32G411M8T6, STM32G411MBT3, STM32G411MBT6, STM32G411R6T3, STM32G411R6T6, STM32G411R8T3, STM32G411R8T6, STM32G411RBT3, STM32G411RBT6, STM32G414CBT3, STM32G414CBT6, STM32G414CBU3, STM32G414CBU6, STM32G414CCT3, STM32G414CCT6, STM32G414CCU3, STM32G414CCU6, STM32G414MBT3, STM32G414MBT6, STM32G414MCT3, STM32G414MCT6, STM32G414RBT3, STM32G414RBT6, STM32G414RCT3, STM32G414RCT6, STM32G414VBT3, STM32G414VBT6, STM32G414VCT3, STM32G414VCT6, STM32G431CBT3Z, STM32G431RBT3Z, STM32G471CCT6, STM32G471CCU6, STM32G471CET3, STM32G471CET6, STM32G471CEU3, STM32G471CEU6, STM32G471MCT6, STM32G471MET3, STM32G471MET6, STM32G471MEY6TR, STM32G471QCT6, STM32G471QET3, STM32G471RCT6, STM32G471RET3, STM32G471RET6, STM32G471VCH6, STM32G471VCI6, STM32G471VCT6, STM32G471VEH3, STM32G471VEH6, STM32G471VEI3, STM32G471VEI6, STM32G471VET3, STM32G471VET6, STM32G473QET3Z, STM32G473RET3Z, STM32G474CCT6, STM32G491RET3Z, STM32H503CBT6, STM32H503CBU6, STM32H503EBY6TR, STM32H503KBU6, STM32H503RBT6, STM32H523CCT6, STM32H523CCU6, STM32H523CET6, STM32H523CEU6, STM32H523HEY6TR, STM32H523RCT6, STM32H523RET6, STM32H523VCI6, STM32H523VCT6, STM32H523VEI6, STM32H523VET6, STM32H523ZCJ6, STM32H523ZCT6, STM32H523ZEJ6, STM32H523ZET6, STM32H533CET6, STM32H533CEU6, STM32H533HEY6TR, STM32H533RET6, STM32H533VEI6, STM32H533VET6, STM32H533ZEJ6, STM32H533ZET6, STM32H562AGI6, STM32H562AII6, STM32H562IGK6, STM32H562IGT6, STM32H562IIK6, STM32H562IIT6, STM32H562RGT6, STM32H562RGV6, STM32H562RIT6, STM32H562RIV6, STM32H562VGT6, STM32H562VIT6, STM32H562ZGT6, STM32H562ZIT6, STM32H563AGI6, STM32H563AII3Q, STM32H563AII6, STM32H563IGK6, STM32H563IGT6, STM32H563IIK3Q, STM32H563IIK6, STM32H563IIT3Q, STM32H563IIT6, STM32H563MIY3QTR, STM32H563RGT6, STM32H563RGV6, STM32H563RIT6, STM32H563RIV6, STM32H563VGT6, STM32H563VIT3Q, STM32H563VIT6, STM32H563ZGT6, STM32H563ZIT3Q, STM32H563ZIT6, STM32H573AII3Q, STM32H573AII6, STM32H573I-DK, STM32H573IIK3Q, STM32H573IIK6, STM32H573IIT3Q, STM32H573IIT6, STM32H573MIY3QTR, STM32H573RIT6, STM32H573RIV6, STM32H573VIT3Q, STM32H573VIT6, STM32H573ZIT3Q, STM32H573ZIT6, STM32H7R3A8I6, STM32H7R3I8K6, STM32H7R3I8T6, STM32H7R3L8H6, STM32H7R3L8H6H, STM32H7R3R8V6, STM32H7R3V8H6, STM32H7R3V8T6, STM32H7R3V8Y6TR, STM32H7R3Z8J6, STM32H7R3Z8T6, STM32H7R7A8I6, STM32H7R7I8K6, STM32H7R7I8T6, STM32H7R7L8H6, STM32H7R7L8H6H, STM32H7R7Z8J6, STM32H7S3A8I6, STM32H7S3I8K6, STM32H7S3I8T6, STM32H7S3L8H6, STM32H7S3L8H6H, STM32H7S3R8V6, STM32H7S3V8H6, STM32H7S3V8T6, STM32H7S3V8Y6TR, STM32H7S3Z8J6, STM32H7S3Z8T6, STM32H7S78-DK, STM32H7S7A8I6, STM32H7S7I8K6, STM32H7S7I8T6, STM32H7S7L8H6, STM32H7S7L8H6H, STM32H7S7Z8J6, STM32L4R5QGI6STR, STM32MP131AAE3, STM32MP131AAF3, STM32MP131AAG3, STM32MP131CAE3, STM32MP131CAF3, STM32MP131CAG3, STM32MP131DAE7, STM32MP131DAF7, STM32MP131DAG7, STM32MP131FAE7, STM32MP131FAF7, STM32MP131FAG7, STM32MP133AAE3, STM32MP133AAF3, STM32MP133AAG3, STM32MP133CAE3, STM32MP133CAF3, STM32MP133CAG3, STM32MP133DAE7, STM32MP133DAF7, STM32MP133DAG7, STM32MP133FAE7, STM32MP133FAF7, STM32MP133FAG7, STM32MP135AAE3, STM32MP135AAF3, STM32MP135AAG3, STM32MP135CAE3, STM32MP135CAF3, STM32MP135CAG3, STM32MP135DAE7, STM32MP135DAF7, STM32MP135DAG7, STM32MP135F-DK, STM32MP135FAE7, STM32MP135FAF7, STM32MP135FAF7T, STM32MP135FAF7U, STM32MP135FAG7, STM32MP211AAL3, STM32MP211AAM3, STM32MP211AAN3, STM32MP211AAO3, STM32MP211CAL3, STM32MP211CAM3, STM32MP211CAN3, STM32MP211CAO3, STM32MP211DAL3, STM32MP211DAM3, STM32MP211DAN3, STM32MP211DAO3, STM32MP211FAL3, STM32MP211FAM3, STM32MP211FAN3, STM32MP211FAO3, STM32MP213AAL3, STM32MP213AAM3, STM32MP213AAN3, STM32MP213AAO3, STM32MP213CAL3, STM32MP213CAM3, STM32MP213CAN3, STM32MP213CAO3, STM32MP213DAL3, STM32MP213DAM3, STM32MP213DAN3, STM32MP213DAO3, STM32MP213FAL3, STM32MP213FAM3, STM32MP213FAN3, STM32MP213FAO3, STM32MP215AAL3, STM32MP215AAM3, STM32MP215AAN3, STM32MP215AAO3, STM32MP215CAL3, STM32MP215CAM3, STM32MP215CAN3, STM32MP215CAO3, STM32MP215DAL3, STM32MP215DAM3, STM32MP215DAN3, STM32MP215DAO3, STM32MP215F-DK, STM32MP215FAL3, STM32MP215FAM3, STM32MP215FAN3, STM32MP215FAO3, STM32MP231AAJ3, STM32MP231AAK3, STM32MP231AAL3, STM32MP231CAJ3, STM32MP231CAK3, STM32MP231CAL3, STM32MP231DAJ3, STM32MP231DAK3, STM32MP231DAL3, STM32MP231FAJ3, STM32MP231FAK3, STM32MP231FAL3, STM32MP233AAJ3, STM32MP233AAK3, STM32MP233AAL3, STM32MP233CAJ3, STM32MP233CAK3, STM32MP233CAL3, STM32MP233DAJ3, STM32MP233DAK3, STM32MP233DAL3, STM32MP233FAJ3, STM32MP233FAK3, STM32MP233FAL3, STM32MP235AAJ3, STM32MP235AAK3, STM32MP235AAL3, STM32MP235CAJ3, STM32MP235CAK3, STM32MP235CAL3, STM32MP235DAJ3, STM32MP235DAK3, STM32MP235DAL3, STM32MP235FAJ3, STM32MP235FAK3, STM32MP235FAL3, STM32MP251AAI3, STM32MP251AAK3, STM32MP251AAL3, STM32MP251CAI3, STM32MP251CAK3, STM32MP251CAL3, STM32MP251DAI3, STM32MP251DAK3, STM32MP251DAL3, STM32MP251FAI3, STM32MP251FAK3, STM32MP251FAL3, STM32MP253AAI3, STM32MP253AAK3, STM32MP253AAL3, STM32MP253CAI3, STM32MP253CAK3, STM32MP253CAL3, STM32MP253DAI3, STM32MP253DAK3, STM32MP253DAL3, STM32MP253FAI3, STM32MP253FAK3, STM32MP253FAL3, STM32MP255AAI3, STM32MP255AAK3, STM32MP255AAL3, STM32MP255CAI3, STM32MP255CAK3, STM32MP255CAL3, STM32MP255DAI3, STM32MP255DAK3, STM32MP255DAL3, STM32MP255FAI3, STM32MP255FAK3, STM32MP255FAL3, STM32MP257AAI3, STM32MP257AAK3, STM32MP257AAL3, STM32MP257CAI3, STM32MP257CAK3, STM32MP257CAL3, STM32MP257DAI3, STM32MP257DAK3, STM32MP257DAL3, STM32MP257F-DK, STM32MP257F-EV1, STM32MP257FAI3, STM32MP257FAK3, STM32MP257FAL3, STM32N645A0H3Q, STM32N645B0H3Q, STM32N645I0H3Q, STM32N645L0H3Q, STM32N645X0H3Q, STM32N645Z0H3Q, STM32N647A0H3Q, STM32N647B0H3Q, STM32N647I0H3Q, STM32N647L0H3Q, STM32N647X0H3Q, STM32N647Z0H3Q, STM32N655A0H3Q, STM32N655B0H3Q, STM32N655I0H3Q, STM32N655L0H3Q, STM32N655X0H3Q, STM32N655Z0H3Q, STM32N6570-DK, STM32N657A0H3Q, STM32N657B0H3Q, STM32N657I0H3Q, STM32N657L0H3Q, STM32N657X0H3Q, STM32N657Z0H3Q, STM32U031C6T6, STM32U031C6U6, STM32U031C8T6, STM32U031C8U6, STM32U031F4P6, STM32U031F6P6, STM32U031F8P6, STM32U031G6Y6TR, STM32U031G8Y6TR, STM32U031K4U6, STM32U031K6U6, STM32U031K8U6, STM32U031R6I6, STM32U031R6T6, STM32U031R8I6, STM32U031R8T6, STM32U073C8T6, STM32U073C8U6, STM32U073CBT6, STM32U073CBU6, STM32U073CCT6, STM32U073CCU6, STM32U073H8Y6TR, STM32U073HBY6TR, STM32U073HCY6TR, STM32U073K8U6, STM32U073KBU6, STM32U073KCU6, STM32U073M8I6, STM32U073M8T6, STM32U073MBI6, STM32U073MBT6, STM32U073MCI6, STM32U073MCT6, STM32U073R8I6, STM32U073R8T6, STM32U073RBI6, STM32U073RBT6, STM32U073RCI6, STM32U073RCT6, STM32U083C-DK, STM32U083CCT6, STM32U083CCU6, STM32U083HCY6TR, STM32U083KCU6, STM32U083MCI6, STM32U083MCT6, STM32U083RCI6, STM32U083RCT6, STM32U375CET6, STM32U375CET6Q, STM32U375CEU6, STM32U375CEU6Q, STM32U375CEY6QTR, STM32U375CGT6, STM32U375CGT6Q, STM32U375CGU6, STM32U375CGU6Q, STM32U375CGY6QTR, STM32U375KEU6, STM32U375KGU6, STM32U375REI6, STM32U375REI6Q, STM32U375RET6, STM32U375RET6Q, STM32U375REY6GTR, STM32U375REY6QTR, STM32U375RGI6, STM32U375RGI6Q, STM32U375RGT6, STM32U375RGT6Q, STM32U375RGY6GTR, STM32U375RGY6QTR, STM32U375VEI6, STM32U375VEI6Q, STM32U375VET6, STM32U375VET6Q, STM32U375VGI6, STM32U375VGI6Q, STM32U375VGT6, STM32U375VGT6Q, STM32U385CGT6, STM32U385CGT6Q, STM32U385CGU6, STM32U385CGU6Q, STM32U385CGY6QTR, STM32U385KGU6, STM32U385RGI6, STM32U385RGI6Q, STM32U385RGT6, STM32U385RGT6Q, STM32U385RGY6GTR, STM32U385RGY6QTR, STM32U385VGI6, STM32U385VGI6Q, STM32U385VGT6, STM32U385VGT6Q, STM32U535CBT6, STM32U535CBT6Q, STM32U535CBU6, STM32U535CBU6Q, STM32U535CCT6, STM32U535CCT6Q, STM32U535CCU6, STM32U535CCU6Q, STM32U535CET6, STM32U535CET6Q, STM32U535CEU6, STM32U535CEU6Q, STM32U535JEY6QTR, STM32U535NCY6QTR, STM32U535NEY6QTR, STM32U535RBI6, STM32U535RBI6Q, STM32U535RBT6, STM32U535RBT6Q, STM32U535RCI6, STM32U535RCI6Q, STM32U535RCT6, STM32U535RCT6Q, STM32U535REI6, STM32U535REI6Q, STM32U535RET6, STM32U535RET6Q, STM32U535VCI6, STM32U535VCI6Q, STM32U535VCT6, STM32U535VCT6Q, STM32U535VEI6, STM32U535VEI6Q, STM32U535VET6, STM32U535VET6Q, STM32U545CET6, STM32U545CET6Q, STM32U545CEU6, STM32U545CEU6Q, STM32U545JEY6QTR, STM32U545NEY6QTR, STM32U545REI6, STM32U545REI6Q, STM32U545RET6, STM32U545RET6Q, STM32U545VEI6, STM32U545VEI6Q, STM32U545VET6, STM32U545VET6Q, STM32U595AIH6, STM32U595AIH6Q, STM32U595AJH6, STM32U595AJH6Q, STM32U595QII6, STM32U595QII6Q, STM32U595QJI6, STM32U595QJI6Q, STM32U595RIT6, STM32U595RIT6Q, STM32U595RJT6, STM32U595RJT6Q, STM32U595VIT6, STM32U595VIT6Q, STM32U595VJT6, STM32U595VJT6Q, STM32U595ZIT6, STM32U595ZIT6Q, STM32U595ZIY6QTR, STM32U595ZJT6, STM32U595ZJT6Q, STM32U595ZJY6QTR, STM32U599BJY6QTR, STM32U599NIH6Q, STM32U599NJH6Q, STM32U599VIT6Q, STM32U599VJT6, STM32U599VJT6Q, STM32U599ZIT6Q, STM32U599ZIY6QTR, STM32U599ZJT6Q, STM32U599ZJY6QTR, STM32U5A5AJH6, STM32U5A5AJH6Q, STM32U5A5QII3Q , STM32U5A5QJI6, STM32U5A5QJI6Q, STM32U5A5RJT6, STM32U5A5RJT6Q, STM32U5A5VJT6, STM32U5A5VJT6Q, STM32U5A5ZJT6, STM32U5A5ZJT6Q, STM32U5A5ZJY6QTR, STM32U5A9BJY6QTR, STM32U5A9J-DK, STM32U5A9NJH6Q, STM32U5A9VJT6Q, STM32U5A9ZJT6Q, STM32U5A9ZJY6QTR, STM32U5F7VIT6, STM32U5F7VIT6Q, STM32U5F7VJT6, STM32U5F7VJT6Q, STM32U5F9BJY6QTR, STM32U5F9NJH6Q, STM32U5F9VIT6Q, STM32U5F9VJT6Q, STM32U5F9ZIJ6QTR, STM32U5F9ZIT6Q, STM32U5F9ZJJ6QTR, STM32U5F9ZJT6Q, STM32U5G7VJT6, STM32U5G7VJT6Q, STM32U5G9BJY6QTR, STM32U5G9J-DK1, STM32U5G9J-DK2, STM32U5G9NJH6Q, STM32U5G9VJT6Q, STM32U5G9ZJJ6QTR, STM32U5G9ZJT6Q, STM32WB05KZV6TR, STM32WB05KZV7TR, STM32WB05TZF6TR, STM32WB05TZF7TR, STM32WB06CCF6TR, STM32WB06CCF7TR, STM32WB06CCV6TR, STM32WB06CCV7TR, STM32WB06KCV6TR, STM32WB06KCV7TR, STM32WB07CCF6TR, STM32WB07CCF7TR, STM32WB07CCV6TR, STM32WB07CCV7TR, STM32WB07KCV6TR, STM32WB07KCV7TR, STM32WB09KEV6TR, STM32WB09KEV7TR, STM32WB09TEF6TR, STM32WB09TEF7TR, STM32WB1MMCH6, STM32WBA50KGU6, STM32WBA50KGU6TR, STM32WBA52CEU6, STM32WBA52CEU6TR, STM32WBA52CEU7, STM32WBA52CEU7TR, STM32WBA52CGU6, STM32WBA52CGU6TR, STM32WBA52CGU6U, STM32WBA52CGU7, STM32WBA52CGU7TR, STM32WBA52KEU6, STM32WBA52KEU6TR, STM32WBA52KGU6, STM32WBA52KGU6TR, STM32WBA54CEU6, STM32WBA54CEU6TR, STM32WBA54CEU7, STM32WBA54CEU7TR, STM32WBA54CGU6, STM32WBA54CGU6TR, STM32WBA54CGU7, STM32WBA54CGU7TR, STM32WBA54KEU6, STM32WBA54KEU6TR, STM32WBA54KEU7, STM32WBA54KEU7TR, STM32WBA54KGU6, STM32WBA54KGU6TR, STM32WBA54KGU7, STM32WBA54KGU7TR, STM32WBA55CEU6, STM32WBA55CEU6TR, STM32WBA55CEU7, STM32WBA55CEU7TR, STM32WBA55CGU6, STM32WBA55CGU6TR, STM32WBA55CGU6U, STM32WBA55CGU7, STM32WBA55CGU7TR, STM32WBA55G-DK1, STM32WBA55HEF6, STM32WBA55HEF7, STM32WBA55HGF6, STM32WBA55HGF7, STM32WBA55UEI6, STM32WBA55UEI6TR, STM32WBA55UEI7, STM32WBA55UEI7TR, STM32WBA55UGI6, STM32WBA55UGI6TR, STM32WBA55UGI7, STM32WBA55UGI7TR, STM32WBA5MMGH6TR, STM32WBA62MGF6, STM32WBA62MIF6, STM32WBA65MGF7, STM32WBA65MIF6, STM32WBA65MIF7, STM32WL30K8V6, STM32WL30KBV6, STM32WL31C8V6, STM32WL31CBV6, STM32WL31K8V6, STM32WL31KBV6, STM32WL33C8V6, STM32WL33C8V6X, STM32WL33CBV6, STM32WL33CBV6X, STM32WL33CCV6, STM32WL33CCV6A, STM32WL33CCV6X, STM32WL33K8V7, STM32WL33K8V7X, STM32WL33KBV7 , STM32WL33KBV7X, STM32WL33KCV7, STM32WL33KCV7X, STM32WL5MOCH6, STM32WL5MOCH6TR]
2026-06-10 13:11:32,343 [INFO] ApiDb:668 - CubeFinder database Data Model version=2.1
2026-06-10 13:11:32,343 [INFO] ApiDb:669 - CubeFinder database Configuration version=3.0.42
2026-06-10 13:11:32,343 [INFO] ApiDb:670 - CubeFinder database generation date=2026-05-14 (1778746352)
2026-06-10 13:11:32,343 [INFO] ApiDb:671 - CubeFinder database FW Pack versions=[FP-ATR-ASTRA1_V2.0.0, FP-SNS-FLIGHT1_V5.1.0, FP-SNS-MOTENV1_V5.1.0, FP-SNS-MOTENVWB1_V1.5.0, FP-SNS-SMARTAG2_V1.2.0, FP-SNS-STBOX1_V2.1.0, STM32Cube_FW_C0_V1.4.0, STM32Cube_FW_F4_V1.28.3, STM32Cube_FW_F7_V1.17.4, STM32Cube_FW_G0_V1.6.3, STM32Cube_FW_G4_V1.6.2, STM32Cube_FW_H5_V1.6.0, STM32Cube_FW_H7RS_V1.3.0, STM32Cube_FW_H7_V1.13.0, STM32Cube_FW_L0_V1.12.2, STM32Cube_FW_L4_V1.18.2, STM32Cube_FW_L5_V1.6.0, STM32Cube_FW_N6_V1.3.0, STM32Cube_FW_U0_V1.3.0, STM32Cube_FW_U3_V1.3.0, STM32Cube_FW_U5_V1.8.0, STM32Cube_FW_WB0_V1.4.0, STM32Cube_FW_WBA_V1.9.0, STM32Cube_FW_WB_V1.24.0, STM32Cube_FW_WL3_V1.4.0, STM32Cube_FW_WL_V1.5.0, X-CUBE-ALGOBUILD_V1.4.0, X-CUBE-ALS_V1.0.2, X-CUBE-AZRTOS-F4_V1.1.0, X-CUBE-AZRTOS-F7_V1.1.0, X-CUBE-AZRTOS-G0_V1.1.0, X-CUBE-AZRTOS-G4_V2.0.0, X-CUBE-AZRTOS-H7RS_V1.1.0, X-CUBE-AZRTOS-H7_V3.5.0, X-CUBE-AZRTOS-L4_V2.0.0, X-CUBE-AZRTOS-L5_V2.0.0, X-CUBE-AZRTOS-WB_V2.0.0, X-CUBE-AZRTOS-WL_V2.0.0, X-CUBE-BLE1_V7.1.0, X-CUBE-BLE2_V3.3.0, X-CUBE-BLEMGR_V4.1.0, X-CUBE-EEPRMA1_V5.2.0, X-CUBE-FREERTOS_V1.5.0, X-CUBE-GNSS1_V7.1.1, X-CUBE-MEMS1_V12.1.0, X-CUBE-NFC4_V3.0.0, X-CUBE-NFC7_V2.0.0, X-CUBE-SFXS2LP1_V4.0.0, X-CUBE-ST67W61_V1.3.0, X-CUBE-SUBG2_V5.0.0, X-CUBE-TOF1_V3.4.3]
2026-06-10 13:11:34,137 [INFO] ApiDb:240 - Found 880 in-development CPN: [B-G473E-ZEST1S, B-WB1M-WPAN1, B-WBA5M-WPAN, B-WL5M-SUBG1, NUCLEO-C031C6, NUCLEO-C051C8, NUCLEO-C071RB, NUCLEO-C092RC, NUCLEO-H503RB, NUCLEO-H533RE, NUCLEO-H563ZI, NUCLEO-H7S3L8, NUCLEO-N657X0-Q, NUCLEO-U031R8, NUCLEO-U083RC, NUCLEO-U385RG-Q, NUCLEO-U545RE-Q, NUCLEO-U5A5ZJ-Q, NUCLEO-WB05KZ, NUCLEO-WB07CC, NUCLEO-WB09KE, NUCLEO-WBA52CG, NUCLEO-WBA55CG, NUCLEO-WL33CC1, NUCLEO-WL33CC2, STEVAL-PROTEUS1, STEVAL-SMARTAG2, STEVAL-STWINBX1, STM320518-EVAL, STM32C0116-DK, STM32C011D6Y3TR, STM32C011D6Y6TR, STM32C011F4P3, STM32C011F4P6, STM32C011F4U3, STM32C011F4U6TR, STM32C011F6P3, STM32C011F6P6, STM32C011F6U3, STM32C011F6U6TR, STM32C011J4M3, STM32C011J4M6, STM32C011J6M3, STM32C011J6M6, STM32C0316-DK, STM32C031C4T3, STM32C031C4T6, STM32C031C4U3, STM32C031C4U6, STM32C031C6T3, STM32C031C6T6, STM32C031C6U3, STM32C031C6U6, STM32C031F4P3, STM32C031F4P6, STM32C031F6P3, STM32C031F6P6, STM32C031G4U3, STM32C031G4U6, STM32C031G6U3, STM32C031G6U6, STM32C031K4T3, STM32C031K4T6, STM32C031K4U3, STM32C031K4U6, STM32C031K6T3, STM32C031K6T6, STM32C031K6U3, STM32C031K6U6, STM32C051C6T6, STM32C051C6U6, STM32C051C8T6, STM32C051C8U6, STM32C051D8Y6TR, STM32C051F6P6, STM32C051F8P6, STM32C051G6U6, STM32C051G8U6, STM32C051K6T6, STM32C051K6U6, STM32C051K8T6, STM32C071C8T6, STM32C071C8T6N, STM32C071C8U6, STM32C071C8U6N, STM32C071CBT6, STM32C071CBT6N, STM32C071CBU6, STM32C071CBU6N, STM32C071F8P6, STM32C071F8P6N, STM32C071FBP6, STM32C071FBP6N, STM32C071FBY6TR, STM32C071G8U6, STM32C071G8U6N, STM32C071GBU6, STM32C071GBU6N, STM32C071K8T6, STM32C071K8T6N, STM32C071K8U6, STM32C071K8U6N, STM32C071KBT6, STM32C071KBT6N, STM32C071KBU6, STM32C071KBU6N, STM32C071R8T6, STM32C071R8T6N, STM32C071RBI6N, STM32C071RBT6, STM32C071RBT6N, STM32C091CBT6, STM32C091CBU6, STM32C091CCT6, STM32C091CCU6, STM32C091ECY6TR, STM32C091FBP6, STM32C091FCP6, STM32C091GBU6, STM32C091GCU6, STM32C091KBT6, STM32C091KBU6, STM32C091KCT6, STM32C091KCU6, STM32C091RBT6, STM32C091RCI6, STM32C091RCT6, STM32C092CBT6, STM32C092CBU6, STM32C092CCT6, STM32C092CCU6, STM32C092ECY6TR, STM32C092FBP6, STM32C092FCP6, STM32C092GBU6, STM32C092GCU6, STM32C092KBT6, STM32C092KBU6, STM32C092KCT6, STM32C092KCU6, STM32C092RBT6, STM32C092RCI6, STM32C092RCT6, STM32G071K8TXN, STM32G071K8UXN, STM32G081GBU6N, STM32G081KBT6N, STM32G081KBUXN, STM32G0B1CCT6N, STM32G0B1KCT6, STM32G0B1NEY6TR, STM32G0B1RCT6N, STM32G0C1CCT6, STM32G0C1CCT6N, STM32G0C1CCU6N, STM32G0C1CET6N, STM32G0C1CEU6N, STM32G0C1KCT6, STM32G0C1NEY6TR, STM32G0C1RCI6N, STM32G0C1RCT6N, STM32G0C1REI6N, STM32G0C1RET6N, STM32G0C1VCI6, STM32G0C1VEI6, STM32G411C6T3, STM32G411C6T6, STM32G411C6U3, STM32G411C6U6, STM32G411C8T3, STM32G411C8T6, STM32G411C8U3, STM32G411C8U6, STM32G411CBT3, STM32G411CBT6, STM32G411CBU3, STM32G411CBU6, STM32G411K6T3, STM32G411K6T6, STM32G411K6U3, STM32G411K6U6, STM32G411K8T3, STM32G411K8T6, STM32G411K8U3, STM32G411K8U6, STM32G411KBT3, STM32G411KBT6, STM32G411KBU3, STM32G411KBU6, STM32G411M6T3, STM32G411M6T6, STM32G411M8T3, STM32G411M8T6, STM32G411MBT3, STM32G411MBT6, STM32G411R6T3, STM32G411R6T6, STM32G411R8T3, STM32G411R8T6, STM32G411RBT3, STM32G411RBT6, STM32G414CBT3, STM32G414CBT6, STM32G414CBU3, STM32G414CBU6, STM32G414CCT3, STM32G414CCT6, STM32G414CCU3, STM32G414CCU6, STM32G414MBT3, STM32G414MBT6, STM32G414MCT3, STM32G414MCT6, STM32G414RBT3, STM32G414RBT6, STM32G414RCT3, STM32G414RCT6, STM32G414VBT3, STM32G414VBT6, STM32G414VCT3, STM32G414VCT6, STM32G431CBT3Z, STM32G431RBT3Z, STM32G471CCT6, STM32G471CCU6, STM32G471CET3, STM32G471CET6, STM32G471CEU3, STM32G471CEU6, STM32G471MCT6, STM32G471MET3, STM32G471MET6, STM32G471MEY6TR, STM32G471QCT6, STM32G471QET3, STM32G471RCT6, STM32G471RET3, STM32G471RET6, STM32G471VCH6, STM32G471VCI6, STM32G471VCT6, STM32G471VEH3, STM32G471VEH6, STM32G471VEI3, STM32G471VEI6, STM32G471VET3, STM32G471VET6, STM32G473QET3Z, STM32G473RET3Z, STM32G474CCT6, STM32G491RET3Z, STM32H503CBT6, STM32H503CBU6, STM32H503EBY6TR, STM32H503KBU6, STM32H503RBT6, STM32H523CCT6, STM32H523CCU6, STM32H523CET6, STM32H523CEU6, STM32H523HEY6TR, STM32H523RCT6, STM32H523RET6, STM32H523VCI6, STM32H523VCT6, STM32H523VEI6, STM32H523VET6, STM32H523ZCJ6, STM32H523ZCT6, STM32H523ZEJ6, STM32H523ZET6, STM32H533CET6, STM32H533CEU6, STM32H533HEY6TR, STM32H533RET6, STM32H533VEI6, STM32H533VET6, STM32H533ZEJ6, STM32H533ZET6, STM32H562AGI6, STM32H562AII6, STM32H562IGK6, STM32H562IGT6, STM32H562IIK6, STM32H562IIT6, STM32H562RGT6, STM32H562RGV6, STM32H562RIT6, STM32H562RIV6, STM32H562VGT6, STM32H562VIT6, STM32H562ZGT6, STM32H562ZIT6, STM32H563AGI6, STM32H563AII3Q, STM32H563AII6, STM32H563IGK6, STM32H563IGT6, STM32H563IIK3Q, STM32H563IIK6, STM32H563IIT3Q, STM32H563IIT6, STM32H563MIY3QTR, STM32H563RGT6, STM32H563RGV6, STM32H563RIT6, STM32H563RIV6, STM32H563VGT6, STM32H563VIT3Q, STM32H563VIT6, STM32H563ZGT6, STM32H563ZIT3Q, STM32H563ZIT6, STM32H573AII3Q, STM32H573AII6, STM32H573I-DK, STM32H573IIK3Q, STM32H573IIK6, STM32H573IIT3Q, STM32H573IIT6, STM32H573MIY3QTR, STM32H573RIT6, STM32H573RIV6, STM32H573VIT3Q, STM32H573VIT6, STM32H573ZIT3Q, STM32H573ZIT6, STM32H7R3A8I6, STM32H7R3I8K6, STM32H7R3I8T6, STM32H7R3L8H6, STM32H7R3L8H6H, STM32H7R3R8V6, STM32H7R3V8H6, STM32H7R3V8T6, STM32H7R3V8Y6TR, STM32H7R3Z8J6, STM32H7R3Z8T6, STM32H7R7A8I6, STM32H7R7I8K6, STM32H7R7I8T6, STM32H7R7L8H6, STM32H7R7L8H6H, STM32H7R7Z8J6, STM32H7S3A8I6, STM32H7S3I8K6, STM32H7S3I8T6, STM32H7S3L8H6, STM32H7S3L8H6H, STM32H7S3R8V6, STM32H7S3V8H6, STM32H7S3V8T6, STM32H7S3V8Y6TR, STM32H7S3Z8J6, STM32H7S3Z8T6, STM32H7S78-DK, STM32H7S7A8I6, STM32H7S7I8K6, STM32H7S7I8T6, STM32H7S7L8H6, STM32H7S7L8H6H, STM32H7S7Z8J6, STM32L4R5QGI6STR, STM32MP131AAE3, STM32MP131AAF3, STM32MP131AAG3, STM32MP131CAE3, STM32MP131CAF3, STM32MP131CAG3, STM32MP131DAE7, STM32MP131DAF7, STM32MP131DAG7, STM32MP131FAE7, STM32MP131FAF7, STM32MP131FAG7, STM32MP133AAE3, STM32MP133AAF3, STM32MP133AAG3, STM32MP133CAE3, STM32MP133CAF3, STM32MP133CAG3, STM32MP133DAE7, STM32MP133DAF7, STM32MP133DAG7, STM32MP133FAE7, STM32MP133FAF7, STM32MP133FAG7, STM32MP135AAE3, STM32MP135AAF3, STM32MP135AAG3, STM32MP135CAE3, STM32MP135CAF3, STM32MP135CAG3, STM32MP135DAE7, STM32MP135DAF7, STM32MP135DAG7, STM32MP135F-DK, STM32MP135FAE7, STM32MP135FAF7, STM32MP135FAF7T, STM32MP135FAF7U, STM32MP135FAG7, STM32MP211AAL3, STM32MP211AAM3, STM32MP211AAN3, STM32MP211AAO3, STM32MP211CAL3, STM32MP211CAM3, STM32MP211CAN3, STM32MP211CAO3, STM32MP211DAL3, STM32MP211DAM3, STM32MP211DAN3, STM32MP211DAO3, STM32MP211FAL3, STM32MP211FAM3, STM32MP211FAN3, STM32MP211FAO3, STM32MP213AAL3, STM32MP213AAM3, STM32MP213AAN3, STM32MP213AAO3, STM32MP213CAL3, STM32MP213CAM3, STM32MP213CAN3, STM32MP213CAO3, STM32MP213DAL3, STM32MP213DAM3, STM32MP213DAN3, STM32MP213DAO3, STM32MP213FAL3, STM32MP213FAM3, STM32MP213FAN3, STM32MP213FAO3, STM32MP215AAL3, STM32MP215AAM3, STM32MP215AAN3, STM32MP215AAO3, STM32MP215CAL3, STM32MP215CAM3, STM32MP215CAN3, STM32MP215CAO3, STM32MP215DAL3, STM32MP215DAM3, STM32MP215DAN3, STM32MP215DAO3, STM32MP215F-DK, STM32MP215FAL3, STM32MP215FAM3, STM32MP215FAN3, STM32MP215FAO3, STM32MP231AAJ3, STM32MP231AAK3, STM32MP231AAL3, STM32MP231CAJ3, STM32MP231CAK3, STM32MP231CAL3, STM32MP231DAJ3, STM32MP231DAK3, STM32MP231DAL3, STM32MP231FAJ3, STM32MP231FAK3, STM32MP231FAL3, STM32MP233AAJ3, STM32MP233AAK3, STM32MP233AAL3, STM32MP233CAJ3, STM32MP233CAK3, STM32MP233CAL3, STM32MP233DAJ3, STM32MP233DAK3, STM32MP233DAL3, STM32MP233FAJ3, STM32MP233FAK3, STM32MP233FAL3, STM32MP235AAJ3, STM32MP235AAK3, STM32MP235AAL3, STM32MP235CAJ3, STM32MP235CAK3, STM32MP235CAL3, STM32MP235DAJ3, STM32MP235DAK3, STM32MP235DAL3, STM32MP235FAJ3, STM32MP235FAK3, STM32MP235FAL3, STM32MP251AAI3, STM32MP251AAK3, STM32MP251AAL3, STM32MP251CAI3, STM32MP251CAK3, STM32MP251CAL3, STM32MP251DAI3, STM32MP251DAK3, STM32MP251DAL3, STM32MP251FAI3, STM32MP251FAK3, STM32MP251FAL3, STM32MP253AAI3, STM32MP253AAK3, STM32MP253AAL3, STM32MP253CAI3, STM32MP253CAK3, STM32MP253CAL3, STM32MP253DAI3, STM32MP253DAK3, STM32MP253DAL3, STM32MP253FAI3, STM32MP253FAK3, STM32MP253FAL3, STM32MP255AAI3, STM32MP255AAK3, STM32MP255AAL3, STM32MP255CAI3, STM32MP255CAK3, STM32MP255CAL3, STM32MP255DAI3, STM32MP255DAK3, STM32MP255DAL3, STM32MP255FAI3, STM32MP255FAK3, STM32MP255FAL3, STM32MP257AAI3, STM32MP257AAK3, STM32MP257AAL3, STM32MP257CAI3, STM32MP257CAK3, STM32MP257CAL3, STM32MP257DAI3, STM32MP257DAK3, STM32MP257DAL3, STM32MP257F-DK, STM32MP257F-EV1, STM32MP257FAI3, STM32MP257FAK3, STM32MP257FAL3, STM32N645A0H3Q, STM32N645B0H3Q, STM32N645I0H3Q, STM32N645L0H3Q, STM32N645X0H3Q, STM32N645Z0H3Q, STM32N647A0H3Q, STM32N647B0H3Q, STM32N647I0H3Q, STM32N647L0H3Q, STM32N647X0H3Q, STM32N647Z0H3Q, STM32N655A0H3Q, STM32N655B0H3Q, STM32N655I0H3Q, STM32N655L0H3Q, STM32N655X0H3Q, STM32N655Z0H3Q, STM32N6570-DK, STM32N657A0H3Q, STM32N657B0H3Q, STM32N657I0H3Q, STM32N657L0H3Q, STM32N657X0H3Q, STM32N657Z0H3Q, STM32U031C6T6, STM32U031C6U6, STM32U031C8T6, STM32U031C8U6, STM32U031F4P6, STM32U031F6P6, STM32U031F8P6, STM32U031G6Y6TR, STM32U031G8Y6TR, STM32U031K4U6, STM32U031K6U6, STM32U031K8U6, STM32U031R6I6, STM32U031R6T6, STM32U031R8I6, STM32U031R8T6, STM32U073C8T6, STM32U073C8U6, STM32U073CBT6, STM32U073CBU6, STM32U073CCT6, STM32U073CCU6, STM32U073H8Y6TR, STM32U073HBY6TR, STM32U073HCY6TR, STM32U073K8U6, STM32U073KBU6, STM32U073KCU6, STM32U073M8I6, STM32U073M8T6, STM32U073MBI6, STM32U073MBT6, STM32U073MCI6, STM32U073MCT6, STM32U073R8I6, STM32U073R8T6, STM32U073RBI6, STM32U073RBT6, STM32U073RCI6, STM32U073RCT6, STM32U083C-DK, STM32U083CCT6, STM32U083CCU6, STM32U083HCY6TR, STM32U083KCU6, STM32U083MCI6, STM32U083MCT6, STM32U083RCI6, STM32U083RCT6, STM32U375CET6, STM32U375CET6Q, STM32U375CEU6, STM32U375CEU6Q, STM32U375CEY6QTR, STM32U375CGT6, STM32U375CGT6Q, STM32U375CGU6, STM32U375CGU6Q, STM32U375CGY6QTR, STM32U375KEU6, STM32U375KGU6, STM32U375REI6, STM32U375REI6Q, STM32U375RET6, STM32U375RET6Q, STM32U375REY6GTR, STM32U375REY6QTR, STM32U375RGI6, STM32U375RGI6Q, STM32U375RGT6, STM32U375RGT6Q, STM32U375RGY6GTR, STM32U375RGY6QTR, STM32U375VEI6, STM32U375VEI6Q, STM32U375VET6, STM32U375VET6Q, STM32U375VGI6, STM32U375VGI6Q, STM32U375VGT6, STM32U375VGT6Q, STM32U385CGT6, STM32U385CGT6Q, STM32U385CGU6, STM32U385CGU6Q, STM32U385CGY6QTR, STM32U385KGU6, STM32U385RGI6, STM32U385RGI6Q, STM32U385RGT6, STM32U385RGT6Q, STM32U385RGY6GTR, STM32U385RGY6QTR, STM32U385VGI6, STM32U385VGI6Q, STM32U385VGT6, STM32U385VGT6Q, STM32U535CBT6, STM32U535CBT6Q, STM32U535CBU6, STM32U535CBU6Q, STM32U535CCT6, STM32U535CCT6Q, STM32U535CCU6, STM32U535CCU6Q, STM32U535CET6, STM32U535CET6Q, STM32U535CEU6, STM32U535CEU6Q, STM32U535JEY6QTR, STM32U535NCY6QTR, STM32U535NEY6QTR, STM32U535RBI6, STM32U535RBI6Q, STM32U535RBT6, STM32U535RBT6Q, STM32U535RCI6, STM32U535RCI6Q, STM32U535RCT6, STM32U535RCT6Q, STM32U535REI6, STM32U535REI6Q, STM32U535RET6, STM32U535RET6Q, STM32U535VCI6, STM32U535VCI6Q, STM32U535VCT6, STM32U535VCT6Q, STM32U535VEI6, STM32U535VEI6Q, STM32U535VET6, STM32U535VET6Q, STM32U545CET6, STM32U545CET6Q, STM32U545CEU6, STM32U545CEU6Q, STM32U545JEY6QTR, STM32U545NEY6QTR, STM32U545REI6, STM32U545REI6Q, STM32U545RET6, STM32U545RET6Q, STM32U545VEI6, STM32U545VEI6Q, STM32U545VET6, STM32U545VET6Q, STM32U595AIH6, STM32U595AIH6Q, STM32U595AJH6, STM32U595AJH6Q, STM32U595QII6, STM32U595QII6Q, STM32U595QJI6, STM32U595QJI6Q, STM32U595RIT6, STM32U595RIT6Q, STM32U595RJT6, STM32U595RJT6Q, STM32U595VIT6, STM32U595VIT6Q, STM32U595VJT6, STM32U595VJT6Q, STM32U595ZIT6, STM32U595ZIT6Q, STM32U595ZIY6QTR, STM32U595ZJT6, STM32U595ZJT6Q, STM32U595ZJY6QTR, STM32U599BJY6QTR, STM32U599NIH6Q, STM32U599NJH6Q, STM32U599VIT6Q, STM32U599VJT6, STM32U599VJT6Q, STM32U599ZIT6Q, STM32U599ZIY6QTR, STM32U599ZJT6Q, STM32U599ZJY6QTR, STM32U5A5AJH6, STM32U5A5AJH6Q, STM32U5A5QII3Q , STM32U5A5QJI6, STM32U5A5QJI6Q, STM32U5A5RJT6, STM32U5A5RJT6Q, STM32U5A5VJT6, STM32U5A5VJT6Q, STM32U5A5ZJT6, STM32U5A5ZJT6Q, STM32U5A5ZJY6QTR, STM32U5A9BJY6QTR, STM32U5A9J-DK, STM32U5A9NJH6Q, STM32U5A9VJT6Q, STM32U5A9ZJT6Q, STM32U5A9ZJY6QTR, STM32U5F7VIT6, STM32U5F7VIT6Q, STM32U5F7VJT6, STM32U5F7VJT6Q, STM32U5F9BJY6QTR, STM32U5F9NJH6Q, STM32U5F9VIT6Q, STM32U5F9VJT6Q, STM32U5F9ZIJ6QTR, STM32U5F9ZIT6Q, STM32U5F9ZJJ6QTR, STM32U5F9ZJT6Q, STM32U5G7VJT6, STM32U5G7VJT6Q, STM32U5G9BJY6QTR, STM32U5G9J-DK1, STM32U5G9J-DK2, STM32U5G9NJH6Q, STM32U5G9VJT6Q, STM32U5G9ZJJ6QTR, STM32U5G9ZJT6Q, STM32WB05KZV6TR, STM32WB05KZV7TR, STM32WB05TZF6TR, STM32WB05TZF7TR, STM32WB06CCF6TR, STM32WB06CCF7TR, STM32WB06CCV6TR, STM32WB06CCV7TR, STM32WB06KCV6TR, STM32WB06KCV7TR, STM32WB07CCF6TR, STM32WB07CCF7TR, STM32WB07CCV6TR, STM32WB07CCV7TR, STM32WB07KCV6TR, STM32WB07KCV7TR, STM32WB09KEV6TR, STM32WB09KEV7TR, STM32WB09TEF6TR, STM32WB09TEF7TR, STM32WB1MMCH6, STM32WBA50KGU6, STM32WBA50KGU6TR, STM32WBA52CEU6, STM32WBA52CEU6TR, STM32WBA52CEU7, STM32WBA52CEU7TR, STM32WBA52CGU6, STM32WBA52CGU6TR, STM32WBA52CGU6U, STM32WBA52CGU7, STM32WBA52CGU7TR, STM32WBA52KEU6, STM32WBA52KEU6TR, STM32WBA52KGU6, STM32WBA52KGU6TR, STM32WBA54CEU6, STM32WBA54CEU6TR, STM32WBA54CEU7, STM32WBA54CEU7TR, STM32WBA54CGU6, STM32WBA54CGU6TR, STM32WBA54CGU7, STM32WBA54CGU7TR, STM32WBA54KEU6, STM32WBA54KEU6TR, STM32WBA54KEU7, STM32WBA54KEU7TR, STM32WBA54KGU6, STM32WBA54KGU6TR, STM32WBA54KGU7, STM32WBA54KGU7TR, STM32WBA55CEU6, STM32WBA55CEU6TR, STM32WBA55CEU7, STM32WBA55CEU7TR, STM32WBA55CGU6, STM32WBA55CGU6TR, STM32WBA55CGU6U, STM32WBA55CGU7, STM32WBA55CGU7TR, STM32WBA55G-DK1, STM32WBA55HEF6, STM32WBA55HEF7, STM32WBA55HGF6, STM32WBA55HGF7, STM32WBA55UEI6, STM32WBA55UEI6TR, STM32WBA55UEI7, STM32WBA55UEI7TR, STM32WBA55UGI6, STM32WBA55UGI6TR, STM32WBA55UGI7, STM32WBA55UGI7TR, STM32WBA5MMGH6TR, STM32WBA62MGF6, STM32WBA62MIF6, STM32WBA65MGF7, STM32WBA65MIF6, STM32WBA65MIF7, STM32WL30K8V6, STM32WL30KBV6, STM32WL31C8V6, STM32WL31CBV6, STM32WL31K8V6, STM32WL31KBV6, STM32WL33C8V6, STM32WL33C8V6X, STM32WL33CBV6, STM32WL33CBV6X, STM32WL33CCV6, STM32WL33CCV6A, STM32WL33CCV6X, STM32WL33K8V7, STM32WL33K8V7X, STM32WL33KBV7 , STM32WL33KBV7X, STM32WL33KCV7, STM32WL33KCV7X, STM32WL5MOCH6, STM32WL5MOCH6TR]
2026-06-10 13:11:34,143 [INFO] DbMcus:218 - Found 5086 MCUs, 4968 are supported
2026-06-10 13:11:34,143 [INFO] ApiDb:423 - Load user favorites file C:\Users\91953/.stm32cubeide/favorites.mcus.txt: 0 item(s)
2026-06-10 13:11:34,144 [INFO] ApiDb:427 - User favorites MCUs=[]
2026-06-10 13:11:34,144 [INFO] DbMcus:224 - Set 0 / 0 favorites MCUs
2026-06-10 13:11:34,557 [INFO] BoardInfo:889 - No configuration file found for board NUCLEO-H5E5ZJ
2026-06-10 13:11:34,558 [INFO] DbBoards:161 - Board is not supported: NUCLEO-H5E5ZJ
2026-06-10 13:11:34,617 [INFO] BoardInfo:889 - No configuration file found for board NUCLEO-U3C5ZI-Q
2026-06-10 13:11:34,619 [INFO] DbBoards:161 - Board is not supported: NUCLEO-U3C5ZI-Q
2026-06-10 13:11:34,638 [INFO] BoardInfo:889 - No configuration file found for board NUCLEO-WBA25CE1
2026-06-10 13:11:34,639 [INFO] DbBoards:161 - Board is not supported: NUCLEO-WBA25CE1
2026-06-10 13:11:34,648 [INFO] BoardInfo:889 - No configuration file found for board NUCLEO-WL3RKB1
2026-06-10 13:11:34,649 [INFO] DbBoards:161 - Board is not supported: NUCLEO-WL3RKB1
2026-06-10 13:11:34,649 [INFO] BoardInfo:889 - No configuration file found for board NUCLEO-WL3RKB2
2026-06-10 13:11:34,650 [INFO] DbBoards:161 - Board is not supported: NUCLEO-WL3RKB2
2026-06-10 13:11:34,657 [INFO] BoardInfo:889 - No configuration file found for board P-NUCLEO-WB55
2026-06-10 13:11:34,658 [INFO] DbBoards:161 - Kit is not supported: P-NUCLEO-WB55
2026-06-10 13:11:34,664 [INFO] BoardInfo:889 - No configuration file found for board STEVAL-BFA001V1B
2026-06-10 13:11:34,665 [INFO] DbBoards:161 - Kit is not supported: STEVAL-BFA001V1B
2026-06-10 13:11:34,666 [INFO] BoardInfo:889 - No configuration file found for board STEVAL-BFA001V2B
2026-06-10 13:11:34,667 [INFO] DbBoards:161 - Kit is not supported: STEVAL-BFA001V2B
2026-06-10 13:11:34,757 [INFO] BoardInfo:889 - No configuration file found for board STM32H5F5J-DK
2026-06-10 13:11:34,758 [INFO] DbBoards:161 - Board is not supported: STM32H5F5J-DK
2026-06-10 13:11:34,849 [INFO] DbBoards:168 - Found 218 boards, 209 are supported
2026-06-10 13:11:34,849 [INFO] DbBoards:169 - Found 218 boards, 43 of them is supported for  Bsp
2026-06-10 13:11:34,852 [INFO] ApiDb:423 - Load user favorites file C:\Users\91953/.stm32cubeide/favorites.boards.txt: 0 item(s)
2026-06-10 13:11:34,852 [INFO] ApiDb:427 - User favorites Boards=[]
2026-06-10 13:11:34,852 [INFO] DbBoards:198 - Set 0 / 0 favorites Boards
2026-06-10 13:11:34,914 [INFO] UtilMem:75 - End LoadConfig() Used Memory: 181527864 Bytes (276824064)
2026-06-10 13:11:35,003 [WARN] ThirdParty:833 - waiting for thirdparty lock release [change project]
2026-06-10 13:11:35,004 [INFO] ThirdParty:835 - entering critical section [change project]
2026-06-10 13:11:35,004 [INFO] ThirdParty:1030 - CMSIS Pack Vendor :STMicroelectronics X-CUBE-PM33A1 1.0.0
2026-06-10 13:11:35,004 [INFO] ThirdParty:1030 - CMSIS Pack Vendor :STMicroelectronics USBPD 4.1
2026-06-10 13:11:35,004 [INFO] ThirdParty:1030 - CMSIS Pack Vendor :STMicroelectronics X-CUBE-NFC9 1.0.0
2026-06-10 13:11:35,004 [INFO] ThirdParty:1030 - CMSIS Pack Vendor :STMicroelectronics USB_HOST 2.0.0
2026-06-10 13:11:35,004 [INFO] ThirdParty:1030 - CMSIS Pack Vendor :STMicroelectronics X-CUBE-AZRTOS-F4 1.1.0
2026-06-10 13:11:35,004 [INFO] ThirdParty:1030 - CMSIS Pack Vendor :STMicroelectronics LIBJPEG 8.0.0
2026-06-10 13:11:35,004 [INFO] ThirdParty:1030 - CMSIS Pack Vendor :STMicroelectronics FP-ATR-ASTRA1 2.0.2
2026-06-10 13:11:35,004 [INFO] ThirdParty:1030 - CMSIS Pack Vendor :STMicroelectronics X-CUBE-BLE1 7.1.0
2026-06-10 13:11:35,004 [INFO] ThirdParty:1030 - CMSIS Pack Vendor :STMicroelectronics USB_DEVICE 3.0.0
2026-06-10 13:11:35,004 [INFO] ThirdParty:1030 - CMSIS Pack Vendor :STMicroelectronics X-CUBE-ISPU 2.1.0
2026-06-10 13:11:35,004 [INFO] ThirdParty:1030 - CMSIS Pack Vendor :STMicroelectronics X-CUBE-AZRTOS-WB 2.0.0
2026-06-10 13:11:35,004 [INFO] ThirdParty:1030 - CMSIS Pack Vendor :STMicroelectronics X-CUBE-AZRTOS-F7 1.1.0
2026-06-10 13:11:35,004 [INFO] ThirdParty:1030 - CMSIS Pack Vendor :STMicroelectronics X-CUBE-AZRTOS-L5 2.0.0
2026-06-10 13:11:35,004 [INFO] ThirdParty:1030 - CMSIS Pack Vendor :STMicroelectronics USB_DEVICE 2.0.0
2026-06-10 13:11:35,004 [INFO] ThirdParty:1030 - CMSIS Pack Vendor :STMicroelectronics FreeRTOS 0.0.1
2026-06-10 13:11:35,004 [INFO] ThirdParty:1030 - CMSIS Pack Vendor :STMicroelectronics X-CUBE-AZRTOS-G0 1.1.0
2026-06-10 13:11:35,004 [INFO] ThirdParty:1030 - CMSIS Pack Vendor :STMicroelectronics X-CUBE-NFC4 3.0.0
2026-06-10 13:11:35,004 [INFO] ThirdParty:1030 - CMSIS Pack Vendor :STMicroelectronics X-CUBE-SUBG2 5.0.0
2026-06-10 13:11:35,004 [INFO] ThirdParty:1030 - CMSIS Pack Vendor :STMicroelectronics STM32_WPAN 1.0.0
2026-06-10 13:11:35,004 [INFO] ThirdParty:1030 - CMSIS Pack Vendor :EmbeddedOffice I-CUBE-FS-RTOS 1.0.1
2026-06-10 13:11:35,004 [INFO] ThirdParty:1030 - CMSIS Pack Vendor :STMicroelectronics lwIP 2.0.3
2026-06-10 13:11:35,004 [INFO] ThirdParty:1030 - CMSIS Pack Vendor :STMicroelectronics USB_HOST 1.0.0
2026-06-10 13:11:35,004 [INFO] ThirdParty:1030 - CMSIS Pack Vendor :STMicroelectronics X-CUBE-AZRTOS-G4 2.0.0
2026-06-10 13:11:35,004 [INFO] ThirdParty:1030 - CMSIS Pack Vendor :STMicroelectronics PDM2PCM 3.1.0
2026-06-10 13:11:35,004 [INFO] ThirdParty:1030 - CMSIS Pack Vendor :STMicroelectronics PDM2PCM 3.3.0
2026-06-10 13:11:35,004 [INFO] ThirdParty:1030 - CMSIS Pack Vendor :STMicroelectronics X-CUBE-DISPLAY 3.0.0
2026-06-10 13:11:35,004 [INFO] ThirdParty:1030 - CMSIS Pack Vendor :STMicroelectronics X-CUBE-NFC7 2.0.0
2026-06-10 13:11:35,004 [INFO] ThirdParty:1030 - CMSIS Pack Vendor :STMicroelectronics X-CUBE-TCPP 4.2.0
2026-06-10 13:11:35,004 [INFO] ThirdParty:1030 - CMSIS Pack Vendor :RealThread X-CUBE-RT-Thread_Nano 4.1.1
2026-06-10 13:11:35,004 [INFO] ThirdParty:1030 - CMSIS Pack Vendor :STMicroelectronics FP-ATR-SIGFOX1 3.2.0
2026-06-10 13:11:35,004 [INFO] ThirdParty:1030 - CMSIS Pack Vendor :STMicroelectronics X-CUBE-NFC10 1.0.0
2026-06-10 13:11:35,004 [INFO] ThirdParty:1030 - CMSIS Pack Vendor :STMicroelectronics HAL Drivers 0.0.0
2026-06-10 13:11:35,005 [INFO] ThirdParty:1030 - CMSIS Pack Vendor :STMicroelectronics MBEDTLS 2.16.2
2026-06-10 13:11:35,005 [INFO] ThirdParty:1030 - CMSIS Pack Vendor :STMicroelectronics X-CUBE-ALS 1.0.2
2026-06-10 13:11:35,005 [INFO] ThirdParty:1030 - CMSIS Pack Vendor :STMicroelectronics MBEDTLS 2.14.1
2026-06-10 13:11:35,005 [INFO] ThirdParty:1030 - CMSIS Pack Vendor :STMicroelectronics ThreadX 1.0.0
2026-06-10 13:11:35,005 [INFO] ThirdParty:1030 - CMSIS Pack Vendor :STMicroelectronics FP-SNS-SMARTAG2 1.2.0
2026-06-10 13:11:35,005 [INFO] ThirdParty:1030 - CMSIS Pack Vendor :STMicroelectronics FP-SNS-FLIGHT1 5.1.0
2026-06-10 13:11:35,005 [INFO] ThirdParty:1030 - CMSIS Pack Vendor :STMicroelectronics X-CUBE-AZRTOS-WL 2.0.0
2026-06-10 13:11:35,005 [INFO] ThirdParty:1030 - CMSIS Pack Vendor :SEGGER I-CUBE-embOS 1.3.1
2026-06-10 13:11:35,005 [INFO] ThirdParty:1030 - CMSIS Pack Vendor :STMicroelectronics X-CUBE-DPower 1.3.0
2026-06-10 13:11:35,005 [INFO] ThirdParty:1030 - CMSIS Pack Vendor :STMicroelectronics USB_DEVICE 1.0.0
2026-06-10 13:11:35,005 [INFO] ThirdParty:1030 - CMSIS Pack Vendor :STMicroelectronics X-CUBE-AZRTOS-L4 2.0.0
2026-06-10 13:11:35,005 [INFO] ThirdParty:1030 - CMSIS Pack Vendor :STMicroelectronics ThreadX 0.0.2
2026-06-10 13:11:35,005 [INFO] ThirdParty:1030 - CMSIS Pack Vendor :STMicroelectronics lwIP 2.1.2
2026-06-10 13:11:35,005 [INFO] ThirdParty:1030 - CMSIS Pack Vendor :STMicroelectronics X-CUBE-SFXS2LP1 4.0.0
2026-06-10 13:11:35,005 [INFO] ThirdParty:1030 - CMSIS Pack Vendor :STMicroelectronics X-CUBE-BLE2 3.3.0
2026-06-10 13:11:35,005 [INFO] ThirdParty:1030 - CMSIS Pack Vendor :STMicroelectronics X-CUBE-TOF1 3.4.3
2026-06-10 13:11:35,005 [INFO] ThirdParty:1030 - CMSIS Pack Vendor :STMicroelectronics PDM2PCM 3.2.0
2026-06-10 13:11:35,005 [INFO] ThirdParty:841 - exiting critical section [change project]
2026-06-10 13:11:35,197 [INFO] PinOutPanel:1589 - setPackage(No Configuration,No Configuration)
2026-06-10 13:11:35,198 [INFO] PinOutPanel:1589 - setPackage(STM32F103C8Tx,LQFP48)
2026-06-10 13:11:35,495 [INFO] UtilMem:75 - Before build in PCC Used Memory: 165373296 Bytes (276824064)
2026-06-10 13:11:36,434 [INFO] UtilMem:75 - After build in PCC Used Memory: 237266776 Bytes (276824064)
2026-06-10 13:11:36,466 [INFO] IPUIPlugin:80 - create IPUIPlugin
2026-06-10 13:11:36,466 [INFO] IPUIPlugin:80 - create IPUIPlugin
2026-06-10 13:11:36,466 [INFO] IPUIPlugin:80 - create IPUIPlugin
2026-06-10 13:11:36,467 [INFO] IPUIPlugin:80 - create IPUIPlugin
2026-06-10 13:11:36,467 [INFO] IPUIPlugin:80 - create IPUIPlugin
2026-06-10 13:11:36,467 [INFO] IPUIPlugin:80 - create IPUIPlugin
2026-06-10 13:11:36,467 [INFO] IPUIPlugin:80 - create IPUIPlugin
2026-06-10 13:11:36,467 [INFO] IPUIPlugin:80 - create IPUIPlugin
2026-06-10 13:11:36,467 [INFO] IPUIPlugin:80 - create IPUIPlugin
2026-06-10 13:11:36,467 [INFO] IPUIPlugin:80 - create IPUIPlugin
2026-06-10 13:11:36,467 [INFO] IPUIPlugin:80 - create IPUIPlugin
2026-06-10 13:11:36,468 [INFO] IPUIPlugin:80 - create IPUIPlugin
2026-06-10 13:11:36,468 [INFO] IPUIPlugin:80 - create IPUIPlugin
2026-06-10 13:11:36,468 [INFO] IPUIPlugin:80 - create IPUIPlugin
2026-06-10 13:11:36,468 [INFO] IPUIPlugin:80 - create IPUIPlugin
2026-06-10 13:11:36,468 [INFO] IPUIPlugin:80 - create IPUIPlugin
2026-06-10 13:11:36,468 [INFO] IPUIPlugin:80 - create IPUIPlugin
2026-06-10 13:11:36,469 [INFO] IPUIPlugin:80 - create IPUIPlugin
2026-06-10 13:11:36,469 [INFO] IPUIPlugin:80 - create IPUIPlugin
2026-06-10 13:11:36,469 [INFO] IPUIPlugin:80 - create IPUIPlugin
2026-06-10 13:11:36,469 [INFO] IPUIPlugin:80 - create IPUIPlugin
2026-06-10 13:11:36,469 [INFO] IPUIPlugin:80 - create IPUIPlugin
2026-06-10 13:11:36,469 [INFO] IPUIPlugin:80 - create IPUIPlugin
2026-06-10 13:11:36,470 [INFO] IPUIPlugin:80 - create IPUIPlugin
2026-06-10 13:11:36,470 [INFO] IPUIPlugin:80 - create IPUIPlugin
2026-06-10 13:11:36,471 [INFO] IPUIPlugin:80 - create IPUIPlugin
2026-06-10 13:11:36,471 [INFO] IPUIPlugin:80 - create IPUIPlugin
2026-06-10 13:11:36,703 [INFO] CADModel:165 - CPN selected for project levelSTM32F103C8T6
2026-06-10 13:11:36,703 [INFO] CADModel:114 - Register for checkConnection events
2026-06-10 13:11:36,740 [INFO] OpenFileManager:386 - Restore cursor
2026-06-10 13:13:34,123 [INFO] UtilMem:75 - End SaveConfig() Used Memory: 846818312 Bytes (1073741824)
2026-06-10 13:13:35,340 [INFO] UtilMem:75 - End SaveConfig() Used Memory: 939056704 Bytes (1073741824)
2026-06-10 13:13:37,774 [INFO] UtilMem:75 - End SaveConfig() Used Memory: 770611144 Bytes (1073741824)
2026-06-10 13:13:38,191 [INFO] BlockDiagram:2775 - set Specific Code input for plugin: NVIC
2026-06-10 13:13:38,191 [INFO] BlockDiagram:2775 - set Specific Code input for plugin: USART
2026-06-10 13:13:38,191 [INFO] BlockDiagram:2775 - set Specific Code input for plugin: TIM1_8F1
2026-06-10 13:13:38,192 [INFO] BlockDiagram:2775 - set Specific Code input for plugin: SYS
2026-06-10 13:13:38,192 [INFO] BlockDiagram:2775 - set Specific Code input for plugin: GPIO
2026-06-10 13:13:38,192 [INFO] BlockDiagram:2775 - set Specific Code input for plugin: RCC
2026-06-10 13:13:38,194 [INFO] CodeGenerator:892 - code generatio: config db path: C:\ST\STM32CubeIDE_1.19.0\STM32CubeIDE\plugins\com.st.stm32cube.common.mx_6.15.0.202507011659\\db\
2026-06-10 13:13:38,270 [INFO] CodeEngine:265 - oldGeneratedFile, C:\Users\91953\STM32CubeIDE\workspace_1.19.0\Day8_Lane_change\MXTmpFiles\license.tmp_save
2026-06-10 13:13:38,549 [INFO] CodeEngine:289 - Generated code: C:\Users\91953\STM32CubeIDE\workspace_1.19.0\Day8_Lane_change\MXTmpFiles\license.tmp
2026-06-10 13:13:38,657 [INFO] CodeEngine:265 - oldGeneratedFile, C:\Users\91953\STM32CubeIDE\workspace_1.19.0\Day8_Lane_change\MXTmpFiles\gpio.tmp_save
2026-06-10 13:13:38,741 [INFO] CodeEngine:289 - Generated code: C:\Users\91953\STM32CubeIDE\workspace_1.19.0\Day8_Lane_change\MXTmpFiles\gpio.tmp
2026-06-10 13:13:38,839 [INFO] CodeEngine:265 - oldGeneratedFile, C:\Users\91953\STM32CubeIDE\workspace_1.19.0\Day8_Lane_change\Core\Src\stm32f1xx_it.c_save
2026-06-10 13:13:38,910 [INFO] CodeEngine:289 - Generated code: C:\Users\91953\STM32CubeIDE\workspace_1.19.0\Day8_Lane_change\Core\Src\stm32f1xx_it.c
2026-06-10 13:13:38,916 [INFO] CodeEngine:265 - oldGeneratedFile, C:\Users\91953\STM32CubeIDE\workspace_1.19.0\Day8_Lane_change\Core\Inc\stm32f1xx_it.h_save
2026-06-10 13:13:38,965 [INFO] CodeEngine:289 - Generated code: C:\Users\91953\STM32CubeIDE\workspace_1.19.0\Day8_Lane_change\Core\Inc\stm32f1xx_it.h
2026-06-10 13:13:38,977 [INFO] CodeEngine:265 - oldGeneratedFile, C:\Users\91953\STM32CubeIDE\workspace_1.19.0\Day8_Lane_change\Core\Src\stm32f1xx_hal_msp.c_save
2026-06-10 13:13:39,102 [INFO] CodeEngine:289 - Generated code: C:\Users\91953\STM32CubeIDE\workspace_1.19.0\Day8_Lane_change\Core\Src\stm32f1xx_hal_msp.c
2026-06-10 13:13:39,108 [INFO] CodeEngine:265 - oldGeneratedFile, C:\Users\91953\STM32CubeIDE\workspace_1.19.0\Day8_Lane_change\MXTmpFiles\system.tmp_save
2026-06-10 13:13:39,153 [INFO] CodeEngine:289 - Generated code: C:\Users\91953\STM32CubeIDE\workspace_1.19.0\Day8_Lane_change\MXTmpFiles\system.tmp
2026-06-10 13:13:39,164 [INFO] CodeEngine:321 - oldGeneratedFile, C:\Users\91953\STM32CubeIDE\workspace_1.19.0\Day8_Lane_change\Core\Inc\stm32f1xx_hal_conf.h_save
2026-06-10 13:13:39,216 [INFO] CodeEngine:345 - Generated code: C:\Users\91953\STM32CubeIDE\workspace_1.19.0\Day8_Lane_change\Core\Inc\stm32f1xx_hal_conf.h
2026-06-10 13:13:39,246 [INFO] ApiDbMcu:532 - Load IP Config File for TIM2
2026-06-10 13:13:39,249 [INFO] ApiDbMcu:532 - Load IP Config File for USART1
2026-06-10 13:13:39,250 [INFO] ApiDbMcu:532 - Load IP Config File for RCC
2026-06-10 13:13:39,252 [WARN] IPConfigManager:3811 - IP not found : TIM
2026-06-10 13:13:39,253 [WARN] CodeGenerator:4259 - IP not found : null
2026-06-10 13:13:39,261 [INFO] CodeEngine:265 - oldGeneratedFile, C:\Users\91953\STM32CubeIDE\workspace_1.19.0\Day8_Lane_change\Core\Inc\main.h_save
2026-06-10 13:13:39,327 [INFO] CodeEngine:289 - Generated code: C:\Users\91953\STM32CubeIDE\workspace_1.19.0\Day8_Lane_change\Core\Inc\main.h
2026-06-10 13:13:39,334 [INFO] CodeEngine:265 - oldGeneratedFile, C:\Users\91953\STM32CubeIDE\workspace_1.19.0\Day8_Lane_change\Core\Src\main.c_save
2026-06-10 13:13:39,434 [INFO] CodeEngine:289 - Generated code: C:\Users\91953\STM32CubeIDE\workspace_1.19.0\Day8_Lane_change\Core\Src\main.c
2026-06-10 13:13:39,700 [INFO] ProjectBuilder:3606 - Time for Copy HAL[1] : 136mS.
2026-06-10 13:13:39,709 [INFO] ProjectBuilder:5216 - Project Generator version: 4.7.0-B52
2026-06-10 13:13:39,791 [INFO] ConfigFileManager:1595 - The Die is : DIE410
2026-06-10 13:13:39,799 [INFO] ApiDbMcu:532 - Load IP Config File for FATFS
2026-06-10 13:13:39,804 [INFO] ApiDbMcu:532 - Load IP Config File for FREERTOS
2026-06-10 13:13:39,808 [INFO] ApiDbMcu:532 - Load IP Config File for USB_DEVICE
2026-06-10 13:13:40,077 [INFO] LogOutputStream:77 - [STDOUT_REDIRECT] 
2026-06-10 13:13:40,867 [INFO] ProjectBuilder:5496 - Time for Generating toolchain IDE Files: 1158mS.
2026-06-10 13:13:40,868 [INFO] ProjectBuilder:3463 - Time for Copy CMSIS : 1mS.
2026-06-10 13:13:40,871 [INFO] ProjectBuilder:3463 - Time for Copy CMSIS : 0mS.
